Time,Price,Cng
09-18-27,14.84,2.7
09-20-53,14.95,3.46
09-23-17,14.91,3.18
09-25-39,14.89,3.04
09-28-02,14.87,2.91
09-30-25,14.81,2.49
09-32-47,14.74,2.01
09-35-10,14.74,2.01
09-37-32,14.7,1.73
09-39-57,14.69,1.66
09-42-21,14.72,1.87
09-44-46,14.63,1.25
09-47-11,14.66,1.45
09-49-35,14.66,1.45
09-52-07,14.68,1.59
09-54-31,14.71,1.8
09-56-55,14.67,1.52
09-59-17,14.63,1.25
10-01-40,14.62,1.18
10-04-04,14.63,1.25
10-06-27,14.61,1.11
10-08-54,14.61,1.11
10-11-16,14.6,1.04
10-13-39,14.58,0.9
10-16-02,14.57,0.83
10-18-26,14.55,0.69
10-20-52,14.52,0.48
10-23-16,14.51,0.42
10-25-41,14.49,0.28
10-28-05,14.53,0.55
10-30-30,14.5,0.35
10-32-53,14.53,0.55
10-35-17,14.47,0.14
10-37-41,14.49,0.28
10-40-07,14.49,0.28
10-42-30,14.56,0.76
10-44-52,14.52,0.48
10-47-16,14.56,0.76
10-49-38,14.55,0.69
10-52-02,14.49,0.28
10-54-24,14.45,0
10-56-47,14.45,0
10-59-10,14.46,0.07
11-01-34,14.45,0
11-03-57,14.47,0.14
11-06-20,14.44,-0.07
11-08-43,14.44,-0.07
11-11-07,14.49,0.28
11-13-29,14.49,0.28
11-15-53,14.52,0.48
11-18-17,14.48,0.21
11-20-42,14.47,0.14
11-23-05,14.46,0.07
11-25-29,14.48,0.21
11-27-51,14.5,0.35
11-30-15,14.47,0.14
11-32-39,14.46,0.07
11-35-02,14.47,0.14
11-37-25,14.48,0.21
11-39-48,14.48,0.21
11-42-18,14.46,0.07
11-44-41,14.45,0
11-47-05,14.44,-0.07
11-49-28,14.45,0
11-51-51,14.46,0.07
11-54-14,14.43,-0.14
11-56-37,14.42,-0.21
11-59-00,14.42,-0.21
12-01-24,14.43,-0.14
12-03-46,14.45,0
12-06-12,14.44,-0.07
12-08-36,14.43,-0.14
12-10-59,14.44,-0.07
12-13-25,14.45,0
12-15-48,14.46,0.07
12-18-12,14.46,0.07
12-20-35,14.47,0.14
12-22-59,14.47,0.14
12-25-22,14.46,0.07
12-27-45,14.46,0.07
12-30-09,14.44,-0.07
12-32-30,14.45,0
12-34-53,14.45,0
12-37-16,14.45,0
12-39-40,14.41,-0.28
12-42-03,14.45,0
12-44-26,14.44,-0.07
12-46-49,14.44,-0.07
12-49-13,14.47,0.14
12-51-35,14.48,0.21
12-54-00,14.48,0.21
12-56-24,14.56,0.76
12-58-46,14.69,1.66
13-01-11,14.85,2.77
13-03-33,14.95,3.46
13-06-03,14.96,3.53
13-08-24,14.95,3.46
13-10-47,14.97,3.6
13-13-09,15.26,5.61
13-15-31,15.21,5.26
13-17-54,15.04,4.08
13-20-16,15.04,4.08
13-22-39,15.05,4.15
13-25-00,15.01,3.88
13-27-22,15.06,4.22
13-29-46,15.13,4.71
13-32-07,15.13,4.71
13-34-29,15.15,4.84
13-36-56,15.17,4.98
13-39-24,15.09,4.43
13-41-45,15.02,3.94
13-44-07,15.01,3.88
13-46-29,15,3.81
13-49-03,15.1,4.5
13-51-28,15.07,4.29
13-53-50,15.08,4.36
13-56-11,15.16,4.91
13-58-34,15.16,4.91
14-00-57,15.1,4.5
14-03-20,15.14,4.78
14-05-43,15.17,4.98
14-08-05,15.33,6.09
14-10-28,15.19,5.12
14-12-50,15.05,4.15
14-15-12,15.05,4.15
14-17-36,15.1,4.5
14-19-58,15.13,4.71
14-22-20,15.18,5.05
14-24-42,15.15,4.84
14-27-04,15.16,4.91
14-29-27,15.16,4.91
14-31-49,15.12,4.64
14-34-10,15.1,4.5
14-36-31,15.07,4.29
14-38-53,15.09,4.43
14-41-14,15.09,4.43
14-43-37,15.08,4.36
14-45-58,14.98,3.67
14-48-20,14.91,3.18
14-50-42,14.91,3.18
14-53-03,14.85,2.77
14-55-25,14.84,2.7
14-57-47,14.91,3.18
15-00-08,14.91,3.18
15-02-29,14.83,2.63
15-04-50,14.81,2.49
15-07-13,14.79,2.35
15-09-37,14.83,2.63
15-12-00,14.85,2.77
15-14-23,14.87,2.91
15-16-45,14.87,2.91
15-19-07,14.85,2.77
15-21-29,14.92,3.25
15-23-49,14.92,3.25
15-26-11,14.96,3.53
15-28-33,14.9,3.11
15-30-55,14.96,3.53
09-18-26,15.03,1.08
09-20-50,15.04,1.14
09-23-14,14.97,0.67
09-25-36,14.98,0.74
09-27-58,15.04,1.14
09-30-20,15.13,1.75
09-32-42,15.23,2.42
09-35-05,15.19,2.15
09-37-27,15.2,2.22
09-39-50,15.13,1.75
09-42-12,15.18,2.08
09-44-35,15.17,2.02
09-46-58,15.23,2.42
09-49-21,15.24,2.49
09-51-47,15.27,2.69
09-54-13,15.27,2.69
09-56-35,15.28,2.76
09-58-57,15.46,3.97
10-01-20,15.55,4.57
10-03-43,15.45,3.9
10-06-07,15.46,3.97
10-08-29,15.46,3.97
10-10-51,15.31,2.96
10-13-13,15.32,3.03
10-15-35,15.37,3.36
10-17-59,15.41,3.63
10-20-23,15.42,3.7
10-22-46,15.41,3.63
10-25-08,15.36,3.3
10-27-30,15.32,3.03
10-29-53,15.35,3.23
10-32-15,15.36,3.3
10-34-39,15.3,2.89
10-37-02,15.23,2.42
10-39-27,15.17,2.02
10-42-00,15.25,2.56
10-44-26,15.21,2.29
10-46-52,15.23,2.42
10-49-17,15.22,2.35
10-51-41,15.25,2.56
10-54-03,15.26,2.62
10-56-27,15.25,2.56
10-58-52,15.26,2.62
11-02-16,15.21,2.29
11-04-40,15.25,2.56
11-07-03,15.34,3.16
11-09-25,15.27,2.69
11-11-49,15.26,2.62
11-14-14,15.27,2.69
11-16-36,15.26,2.62
11-19-00,15.24,2.49
11-21-23,15.24,2.49
11-23-47,15.19,2.15
11-26-10,15.2,2.22
11-28-32,15.19,2.15
11-30-58,15.16,1.95
11-33-22,15.17,2.02
11-35-49,15.19,2.15
11-38-11,15.21,2.29
11-40-34,15.21,2.29
11-42-56,15.18,2.08
11-45-20,15.2,2.22
11-47-42,15.15,1.88
11-50-06,15.15,1.88
11-52-29,15.16,1.95
11-54-53,15.14,1.82
11-57-17,15.12,1.68
11-59-40,15.18,2.08
12-02-03,15.24,2.49
12-04-26,15.24,2.49
12-06-50,15.26,2.62
12-09-11,15.27,2.69
12-11-35,15.22,2.35
12-13-59,15.29,2.82
12-16-22,15.3,2.89
12-18-47,15.28,2.76
12-21-18,15.3,2.89
12-23-42,15.3,2.89
12-26-06,15.32,3.03
12-30-45,15.26,2.62
12-33-08,15.28,2.76
12-35-32,15.29,2.82
12-37-55,15.3,2.89
12-40-19,15.29,2.82
12-42-43,15.28,2.76
12-45-06,15.19,2.15
12-47-30,15.18,2.08
12-49-54,15.18,2.08
12-52-16,15.12,1.68
12-54-39,15.14,1.82
12-59-15,15.14,1.82
13-03-51,15.15,1.88
13-06-13,15.1,1.55
13-08-36,15.1,1.55
13-11-00,15.08,1.41
13-13-22,15.05,1.21
13-15-54,15,0.87
13-18-16,15.02,1.01
13-20-39,15.02,1.01
13-23-04,15.01,0.94
13-25-34,14.94,0.47
13-27-56,14.9,0.2
13-30-24,14.9,0.2
13-32-47,14.89,0.13
13-35-11,14.8,-0.47
13-37-36,14.82,-0.34
13-40-10,14.74,-0.87
13-42-32,14.82,-0.34
13-47-08,14.86,-0.07
13-49-32,14.96,0.61
13-51-55,15.02,1.01
13-54-19,14.99,0.81
13-56-44,15.04,1.14
13-59-08,15.02,1.01
14-01-32,15.06,1.28
14-03-55,15.07,1.34
14-08-34,15.09,1.48
14-10-59,15.14,1.82
14-13-24,15.11,1.61
14-15-48,15.1,1.55
14-18-13,15.1,1.55
14-20-36,15.13,1.75
14-23-03,15.11,1.61
14-25-26,15.14,1.82
14-27-51,15.12,1.68
14-30-15,15.1,1.55
14-32-38,15.15,1.88
14-35-01,15.14,1.82
14-37-23,15.17,2.02
14-39-44,15.13,1.75
14-42-07,15.12,1.68
14-44-30,15.1,1.55
14-46-52,15.1,1.55
14-49-16,15.08,1.41
14-51-40,15.08,1.41
14-54-03,15.06,1.28
14-56-26,14.94,0.47
14-58-48,14.97,0.67
15-01-10,14.92,0.34
15-03-34,14.93,0.4
15-05-57,14.86,-0.07
15-08-22,14.87,0
15-10-46,14.9,0.2
15-13-10,14.88,0.07
15-15-32,14.88,0.07
15-20-09,14.89,0.13
15-24-46,14.92,0.34
15-27-09,14.91,0.27
15-29-33,14.96,0.61
15-31-55,15.02,1.01
09-18,15.2,2.01
09-20,15.14,1.61
09-23,15.04,0.94
09-25,15.41,3.42
09-27,15.23,2.21
09-30,15.31,2.75
09-32,15.11,1.41
09-35,15.19,1.95
09-37,15.15,1.68
09-39,15.15,1.68
09-42,15.06,1.07
09-44,15.08,1.21
09-46,15.01,0.74
09-51,14.96,0.4
09-56,14.9,0
09-58,14.91,0.07
10-00,14.94,0.27
10-03,14.91,0.07
10-05,14.9,0
10-08,14.89,-0.07
10-10,14.95,0.34
10-12,14.91,0.07
10-15,14.91,0.07
10-17,14.87,-0.2
10-19,14.89,-0.07
10-22,14.98,0.54
10-24,14.94,0.27
10-27,14.91,0.07
10-29,14.89,-0.07
10-31,14.88,-0.13
10-34,14.85,-0.34
10-36,14.75,-1.01
10-39,14.66,-1.61
10-41,14.7,-1.34
10-46,14.74,-1.07
10-48,14.74,-1.07
10-50,14.78,-0.81
10-53,14.74,-1.07
10-55,14.73,-1.14
10-58,14.69,-1.41
11-00,14.69,-1.41
11-03,14.67,-1.54
11-05,14.66,-1.61
11-08,14.68,-1.48
11-10,14.74,-1.07
11-12,14.75,-1.01
11-15,14.71,-1.28
11-17,14.68,-1.48
11-20,14.64,-1.74
11-22,14.62,-1.88
11-25,14.61,-1.95
11-27,14.6,-2.01
11-29,14.58,-2.15
11-32,14.52,-2.55
11-34,14.54,-2.42
11-37,14.54,-2.42
11-39,14.58,-2.15
11-41,14.63,-1.81
11-44,14.63,-1.81
11-46,14.63,-1.81
11-49,14.64,-1.74
11-51,14.63,-1.81
11-53,14.61,-1.95
11-56,14.59,-2.08
11-58,14.6,-2.01
12-03,14.58,-2.15
12-06,14.54,-2.42
12-08,14.56,-2.28
12-10,14.58,-2.15
12-13,14.6,-2.01
12-15,14.69,-1.41
12-18,14.62,-1.88
12-20,14.64,-1.74
12-23,14.65,-1.68
12-25,14.66,-1.61
12-27,14.61,-1.95
12-32,14.56,-2.28
12-34,14.55,-2.35
12-37,14.56,-2.28
12-39,14.56,-2.28
12-42,14.58,-2.15
12-44,14.55,-2.35
12-46,14.55,-2.35
12-49,14.55,-2.35
12-51,14.57,-2.21
12-54,14.59,-2.08
12-56,14.6,-2.01
12-58,14.59,-2.08
13-02,14.55,-2.35
13-05,14.56,-2.28
13-30,14.77,-0.87
13-33,14.78,-0.81
13-36,14.91,0.07
13-38,14.94,0.27
13-41,15.04,0.94
13-43,14.97,0.47
13-46,14.95,0.34
13-48,15.02,0.81
13-51,15.03,0.87
13-54,15.08,1.21
13-56,15.02,0.81
13-59,14.99,0.6
14-02,14.95,0.34
14-04,14.91,0.07
14-27,14.93,0.2
14-31,14.97,0.47
14-34,15.01,0.74
14-37,15.07,1.14
14-40,15.09,1.28
14-44,15.03,0.87
14-46,14.97,0.47
14-50,14.9,0
14-53,14.93,0.2
14-56,14.87,-0.2
15-10,14.92,0.13
15-13,14.97,0.47
15-15,14.94,0.27
15-25,15,0.67
15-28,15.02,0.81
15-31,15.03,0.87
09-18,14.83,-0.87
09-20,14.9,-0.4
09-23,14.99,0.2
09-25,15.02,0.4
09-28,14.87,-0.6
09-30,14.87,-0.6
09-33,14.98,0.13
09-35,15.02,0.4
09-38,14.98,0.13
09-40,14.89,-0.47
09-43,14.91,-0.33
09-45,14.91,-0.33
09-48,14.87,-0.6
09-50,14.83,-0.87
09-53,14.76,-1.34
09-56,14.86,-0.67
09-58,14.86,-0.67
10-01,14.82,-0.94
10-08,14.76,-1.34
10-34,14.75,-1.4
10-37,14.98,0.13
10-39,15.03,0.47
10-42,15.05,0.6
11-04,15.32,2.41
11-07,15.35,2.61
11-09,15.37,2.74
11-12,15.3,2.27
11-15,15.21,1.67
11-17,15.25,1.94
11-50,15.13,1.14
11-53,15.11,1
11-56,15.14,1.2
12-05,15.24,1.87
12-07,15.24,1.87
12-10,15.42,3.07
12-12,15.4,2.94
12-15,15.39,2.87
12-17,15.45,3.28
12-20,15.47,3.41
12-23,15.42,3.07
12-25,15.37,2.74
12-28,15.27,2.07
12-30,15.28,2.14
12-33,15.31,2.34
12-35,15.27,2.07
12-38,15.24,1.87
12-40,15.21,1.67
12-43,15.29,2.21
12-46,15.32,2.41
12-48,15.31,2.34
12-51,15.41,3.01
12-54,15.39,2.87
12-56,15.42,3.07
12-59,15.43,3.14
13-01,15.43,3.14
13-04,15.49,3.54
13-07,15.5,3.61
13-09,15.53,3.81
13-12,15.51,3.68
13-15,15.43,3.14
13-17,15.39,2.87
13-20,15.41,3.01
13-23,15.33,2.47
13-25,15.41,3.01
13-28,15.36,2.67
13-31,15.41,3.01
13-33,15.45,3.28
13-35,15.45,3.28
13-38,15.5,3.61
13-40,15.49,3.54
13-43,15.5,3.61
13-45,15.47,3.41
13-48,15.52,3.74
13-51,15.53,3.81
13-53,15.5,3.61
13-56,15.62,4.41
13-58,15.55,3.94
14-01,15.54,3.88
14-04,15.53,3.81
14-07,15.5,3.61
14-10,15.62,4.41
14-13,15.67,4.75
14-16,15.52,3.74
14-20,15.34,2.54
14-23,15.38,2.81
14-26,15.4,2.94
14-29,15.38,2.81
14-32,15.17,1.4
14-35,15.14,1.2
14-38,15.16,1.34
14-42,15.17,1.4
14-45,15.08,0.8
14-48,15.05,0.6
14-51,15.08,0.8
14-54,15.02,0.4
14-57,15.13,1.14
15-00,14.99,0.2
15-03,14.99,0.2
15-07,14.99,0.2
15-10,14.99,0.2
15-13,15.06,0.67
15-16,15.06,0.67
15-20,15.05,0.6
15-23,15.06,0.67
15-26,15.02,0.4
15-29,15.05,0.6
15-32,15.02,0.4
09-18,16.08,7.06
09-21,16.1,7.19
09-23,16.11,7.26
09-26,16.01,6.59
09-28,16.02,6.66
09-31,15.92,5.99
09-33,16.05,6.86
09-35,16.06,6.92
09-38,16.01,6.59
09-40,16.13,7.39
09-43,16.23,8.06
09-45,16.21,7.92
09-48,16.13,7.39
09-50,16.13,7.39
09-53,16.12,7.32
09-56,16.22,7.99
09-59,16.18,7.72
10-02,16.28,8.39
10-04,16.27,8.32
10-07,16.25,8.19
10-09,16.13,7.39
10-12,16.17,7.66
10-15,16.16,7.59
10-17,16.15,7.52
10-20,16.1,7.19
10-23,16.07,6.99
10-26,16.03,6.72
10-28,16.03,6.72
10-31,16.01,6.59
10-33,15.99,6.46
10-36,15.95,6.19
10-38,15.9,5.86
10-41,15.92,5.99
10-43,15.88,5.73
10-46,15.88,5.73
10-48,15.88,5.73
10-50,15.92,5.99
10-53,15.92,5.99
10-55,15.92,5.99
10-58,15.95,6.19
11-00,15.94,6.13
11-03,15.98,6.39
11-06,15.98,6.39
11-08,15.95,6.19
11-11,15.96,6.26
11-13,16.04,6.79
11-16,16.11,7.26
11-21,16.07,6.99
11-27,15.98,6.39
11-30,15.92,5.99
11-33,15.98,6.39
11-36,15.95,6.19
11-38,16,6.52
11-41,16.02,6.66
11-43,15.98,6.39
11-46,15.96,6.26
11-48,15.9,5.86
11-51,15.94,6.13
11-54,15.93,6.06
11-56,15.93,6.06
11-59,15.96,6.26
12-01,15.85,5.53
12-04,15.93,6.06
12-07,15.93,6.06
12-09,15.99,6.46
12-12,15.96,6.26
12-15,15.97,6.32
12-17,15.98,6.39
12-20,16.02,6.66
12-23,16.02,6.66
12-26,15.97,6.32
12-28,15.99,6.46
12-31,16.03,6.72
12-34,16,6.52
12-36,16.01,6.59
12-39,16.01,6.59
12-41,15.92,5.99
12-44,15.96,6.26
12-47,15.9,5.86
12-49,15.95,6.19
12-52,15.96,6.26
12-55,15.97,6.32
12-57,15.95,6.19
13-00,15.95,6.19
13-02,15.95,6.19
13-05,15.95,6.19
13-08,15.93,6.06
13-11,15.93,6.06
13-13,15.93,6.06
13-16,15.91,5.93
13-19,15.92,5.99
13-21,15.91,5.93
13-24,15.9,5.86
13-26,15.92,5.99
13-29,15.9,5.86
13-32,15.9,5.86
13-35,15.92,5.99
13-37,15.96,6.26
13-40,15.84,5.46
13-42,15.9,5.86
13-45,15.88,5.73
13-53,15.91,5.93
13-56,15.92,5.99
13-59,15.94,6.13
14-01,15.93,6.06
14-04,15.96,6.26
14-06,15.95,6.19
14-12,15.91,5.93
14-15,15.91,5.93
14-17,15.92,5.99
14-20,15.91,5.93
14-23,15.88,5.73
14-26,15.89,5.79
14-29,15.86,5.59
14-31,15.92,5.99
14-34,15.89,5.79
14-37,15.89,5.79
14-40,15.86,5.59
14-42,15.85,5.53
14-45,15.82,5.33
14-48,15.82,5.33
14-50,15.84,5.46
14-53,15.83,5.39
14-56,15.79,5.13
14-58,15.77,4.99
15-01,15.78,5.06
15-04,15.74,4.79
15-07,15.73,4.73
15-10,15.72,4.66
15-12,15.72,4.66
15-14,15.65,4.19
15-17,15.69,4.46
15-19,15.72,4.66
15-22,15.72,4.66
15-24,15.71,4.59
15-26,15.76,4.93
15-29,15.74,4.79
15-31,15.68,4.39
09-31,16.2,3.05
09-33,16.18,2.93
09-36,16.14,2.67
09-38,16.04,2.04
09-41,16.04,2.04
09-43,15.99,1.72
09-46,16.02,1.91
09-48,15.99,1.72
09-50,15.94,1.4
09-53,15.96,1.53
09-55,15.96,1.53
09-58,15.92,1.27
10-00,15.93,1.34
10-02,15.87,0.95
10-05,15.9,1.15
10-07,15.92,1.27
10-10,15.95,1.46
10-12,15.96,1.53
10-14,16.02,1.91
10-17,16,1.78
10-19,16.1,2.42
10-22,16.17,2.86
10-24,16.16,2.8
10-26,16.22,3.18
10-29,16.24,3.31
10-31,16.18,2.93
10-34,16.18,2.93
10-36,16.19,2.99
10-39,16.18,2.93
10-41,16.18,2.93
10-43,16.16,2.8
10-46,16.19,2.99
10-48,16.19,2.99
10-51,16.16,2.8
10-55,16.03,1.97
10-59,16.02,1.91
11-01,16.07,2.23
11-03,16.07,2.23
11-06,16.1,2.42
11-08,16.05,2.1
11-11,16.11,2.48
11-13,16.18,2.93
11-15,16.15,2.74
11-18,16.11,2.48
11-20,16.11,2.48
11-22,16.04,2.04
11-25,16.01,1.84
11-27,16.04,2.04
11-30,15.99,1.72
11-32,15.95,1.46
11-34,15.9,1.15
11-37,15.88,1.02
11-39,15.94,1.4
11-42,15.91,1.21
11-44,15.87,0.95
11-46,15.87,0.95
11-49,15.88,1.02
11-51,15.89,1.08
11-54,15.89,1.08
11-56,15.87,0.95
11-58,15.92,1.27
12-01,15.93,1.34
12-03,15.94,1.4
12-06,15.95,1.46
12-08,15.92,1.27
12-10,15.88,1.02
12-13,15.85,0.83
12-15,15.89,1.08
12-18,15.83,0.7
12-20,15.83,0.7
12-22,15.83,0.7
12-25,15.85,0.83
12-27,15.85,0.83
12-30,15.83,0.7
12-32,15.79,0.45
12-34,15.77,0.32
12-37,15.75,0.19
12-39,15.74,0.13
12-42,15.74,0.13
12-44,15.75,0.19
12-46,15.76,0.25
12-49,15.76,0.25
12-51,15.81,0.57
12-54,15.82,0.64
12-56,15.89,1.08
12-58,15.86,0.89
13-01,15.86,0.89
13-03,15.82,0.64
13-06,15.84,0.76
13-08,15.84,0.76
13-10,15.81,0.57
13-13,15.85,0.83
13-15,15.79,0.45
13-18,15.76,0.25
13-20,15.77,0.32
13-22,15.75,0.19
13-25,15.77,0.32
13-27,15.77,0.32
13-29,15.77,0.32
13-32,15.75,0.19
13-34,15.77,0.32
13-37,15.75,0.19
13-39,15.75,0.19
13-41,15.77,0.32
13-44,15.73,0.06
13-46,15.76,0.25
13-49,15.75,0.19
13-51,15.76,0.25
13-53,15.77,0.32
13-56,15.76,0.25
13-58,15.8,0.51
14-00,15.76,0.25
14-03,15.78,0.38
14-05,15.8,0.51
14-08,15.83,0.7
14-10,15.77,0.32
14-12,15.79,0.45
14-15,15.78,0.38
14-17,15.83,0.7
14-20,15.83,0.7
14-22,15.8,0.51
14-24,15.77,0.32
14-27,15.77,0.32
14-29,15.71,-0.06
14-32,15.7,-0.13
14-34,15.73,0.06
14-36,15.7,-0.13
14-39,15.7,-0.13
14-41,15.64,-0.51
14-44,15.59,-0.83
14-46,15.62,-0.64
14-49,15.65,-0.45
14-51,15.64,-0.51
14-53,15.59,-0.83
14-56,15.6,-0.76
14-58,15.61,-0.7
15-01,15.62,-0.64
15-03,15.6,-0.76
15-05,15.62,-0.64
15-08,15.63,-0.57
15-10,15.62,-0.64
15-13,15.65,-0.45
15-15,15.68,-0.25
15-17,15.72,0
15-20,15.73,0.06
15-22,15.71,-0.06
15-25,15.71,-0.06
15-27,15.71,-0.06
15-30,15.58,-0.89
09-38,15.63,-0.26
09-40,15.56,-0.7
09-42,15.6,-0.45
09-45,15.51,-1.02
09-47,15.47,-1.28
09-50,15.5,-1.08
09-52,15.5,-1.08
09-54,15.49,-1.15
09-57,15.43,-1.53
09-59,15.38,-1.85
10-02,15.42,-1.6
10-04,15.45,-1.4
10-06,15.44,-1.47
10-09,15.51,-1.02
10-11,15.49,-1.15
10-14,15.46,-1.34
10-16,15.44,-1.47
10-18,15.48,-1.21
10-21,15.48,-1.21
10-23,15.48,-1.21
10-26,15.49,-1.15
10-28,15.46,-1.34
10-30,15.47,-1.28
10-33,15.47,-1.28
10-35,15.45,-1.4
10-38,15.43,-1.53
10-40,15.44,-1.47
10-42,15.45,-1.4
10-45,15.46,-1.34
10-47,15.43,-1.53
10-50,15.49,-1.15
10-52,15.5,-1.08
10-54,15.57,-0.64
10-57,15.67,0
10-59,15.67,0
11-02,15.64,-0.19
11-04,15.55,-0.77
11-06,15.58,-0.57
11-09,15.6,-0.45
11-11,15.6,-0.45
11-13,15.56,-0.7
11-16,15.54,-0.83
11-18,15.6,-0.45
11-21,15.55,-0.77
11-23,15.53,-0.89
11-26,15.52,-0.96
11-28,15.52,-0.96
11-30,15.5,-1.08
11-33,15.46,-1.34
11-35,15.44,-1.47
11-38,15.48,-1.21
11-40,15.48,-1.21
11-42,15.49,-1.15
11-45,15.5,-1.08
11-47,15.47,-1.28
11-50,15.47,-1.28
11-52,15.44,-1.47
11-54,15.46,-1.34
11-57,15.47,-1.28
11-59,15.47,-1.28
12-02,15.45,-1.4
12-04,15.45,-1.4
12-07,15.45,-1.4
12-09,15.42,-1.6
12-11,15.43,-1.53
12-14,15.42,-1.6
12-16,15.41,-1.66
12-19,15.39,-1.79
12-21,15.37,-1.91
12-23,15.39,-1.79
12-26,15.35,-2.04
12-28,15.36,-1.98
12-30,15.4,-1.72
12-33,15.39,-1.79
12-35,15.43,-1.53
12-38,15.42,-1.6
12-40,15.46,-1.34
12-42,15.48,-1.21
12-45,15.49,-1.15
12-47,15.45,-1.4
12-50,15.5,-1.08
12-52,15.41,-1.66
12-54,15.44,-1.47
12-57,15.41,-1.66
12-59,15.4,-1.72
13-02,15.38,-1.85
13-04,15.47,-1.28
13-06,15.46,-1.34
13-09,15.51,-1.02
13-11,15.48,-1.21
13-14,15.48,-1.21
13-16,15.44,-1.47
13-18,15.43,-1.53
13-21,15.43,-1.53
13-23,15.43,-1.53
13-25,15.45,-1.4
13-28,15.47,-1.28
13-30,15.45,-1.4
13-33,15.46,-1.34
13-35,15.43,-1.53
13-37,15.41,-1.66
13-40,15.42,-1.6
13-42,15.37,-1.91
13-45,15.43,-1.53
13-47,15.44,-1.47
13-49,15.42,-1.6
13-52,15.41,-1.66
13-54,15.42,-1.6
13-56,15.43,-1.53
13-59,15.45,-1.4
14-01,15.44,-1.47
14-04,15.41,-1.66
14-06,15.4,-1.72
14-08,15.41,-1.66
14-11,15.4,-1.72
14-13,15.36,-1.98
14-16,15.36,-1.98
14-18,15.43,-1.53
14-20,15.48,-1.21
14-23,15.49,-1.15
14-25,15.51,-1.02
14-28,15.47,-1.28
14-30,15.63,-0.26
14-32,15.61,-0.38
14-35,15.52,-0.96
14-37,15.48,-1.21
14-40,15.53,-0.89
14-42,15.53,-0.89
14-45,15.53,-0.89
14-47,15.46,-1.34
14-49,15.44,-1.47
14-52,15.43,-1.53
14-54,15.41,-1.66
14-57,15.42,-1.6
14-59,15.42,-1.6
15-01,15.42,-1.6
15-04,15.42,-1.6
15-06,15.38,-1.85
15-09,15.37,-1.91
15-11,15.39,-1.79
15-13,15.4,-1.72
15-16,15.48,-1.21
15-18,15.45,-1.4
15-21,15.45,-1.4
15-23,15.43,-1.53
15-25,15.44,-1.47
15-28,15.42,-1.6
15-30,15.49,-1.15
09-18,15.67,1.62
09-20,15.64,1.43
09-23,15.66,1.56
09-25,15.66,1.56
09-28,15.6,1.17
09-30,15.68,1.69
09-32,15.58,1.04
09-35,15.54,0.78
09-37,15.55,0.84
09-40,15.56,0.91
09-42,15.5,0.52
09-44,15.49,0.45
09-47,15.61,1.23
09-49,15.68,1.69
09-52,15.62,1.3
09-54,15.49,0.45
09-56,15.46,0.26
09-59,15.48,0.39
10-01,15.47,0.32
10-04,15.45,0.19
10-06,15.43,0.06
10-08,15.42,0
10-11,15.39,-0.19
10-13,15.4,-0.13
10-16,15.36,-0.39
10-18,15.35,-0.45
10-20,15.28,-0.91
10-23,15.24,-1.17
10-25,15.23,-1.23
10-28,15.25,-1.1
10-30,15.24,-1.17
10-32,15.18,-1.56
10-35,15.17,-1.62
10-37,15.24,-1.17
10-40,15.29,-0.84
10-42,15.25,-1.1
10-44,15.23,-1.23
10-47,15.25,-1.1
10-49,15.24,-1.17
10-52,15.27,-0.97
10-54,15.29,-0.84
10-56,15.3,-0.78
10-59,15.31,-0.71
11-01,15.22,-1.3
11-04,15.2,-1.43
11-06,15.22,-1.3
11-08,15.19,-1.49
11-11,15.19,-1.49
11-13,15.19,-1.49
11-16,15.23,-1.23
11-18,15.13,-1.88
11-20,15.18,-1.56
11-23,15.15,-1.75
11-25,15.12,-1.95
11-28,15.16,-1.69
11-30,15.11,-2.01
11-33,15.19,-1.49
11-35,15.12,-1.95
11-37,15.18,-1.56
11-40,15.13,-1.88
11-46,15.13,-1.88
11-48,15.23,-1.23
11-50,15.22,-1.3
11-57,15.1,-2.08
11-59,15.14,-1.82
12-01,15.11,-2.01
12-04,15.1,-2.08
12-06,15.1,-2.08
12-09,15.08,-2.2
12-11,15.15,-1.75
12-14,15.08,-2.2
12-16,15.06,-2.33
12-18,15.12,-1.95
12-21,15.08,-2.2
12-23,15.04,-2.46
12-26,15.02,-2.59
12-28,15.08,-2.2
12-34,15.05,-2.4
12-37,15.02,-2.59
12-39,15.06,-2.33
12-41,15.01,-2.66
12-44,15.07,-2.27
12-46,15.01,-2.66
12-49,14.95,-3.05
12-51,14.94,-3.11
12-53,14.89,-3.44
12-56,14.86,-3.63
12-58,14.91,-3.31
13-01,14.93,-3.18
13-03,14.94,-3.11
13-05,14.97,-2.92
13-08,14.93,-3.18
13-10,14.97,-2.92
13-13,14.95,-3.05
13-15,15,-2.72
13-17,15.05,-2.4
13-20,15,-2.72
13-22,15.04,-2.46
13-25,15.07,-2.27
13-27,15.03,-2.53
13-29,15,-2.72
13-32,14.95,-3.05
13-34,14.96,-2.98
13-37,14.94,-3.11
13-39,14.93,-3.18
13-42,14.9,-3.37
13-44,14.9,-3.37
13-46,14.89,-3.44
13-49,14.89,-3.44
13-51,14.92,-3.24
13-54,14.84,-3.76
13-56,14.88,-3.5
13-58,14.87,-3.57
14-01,14.86,-3.63
14-03,14.88,-3.5
14-06,14.87,-3.57
14-08,14.85,-3.7
14-10,14.83,-3.83
14-13,14.82,-3.89
14-15,14.81,-3.96
14-18,14.8,-4.02
14-20,14.79,-4.09
14-23,14.8,-4.02
14-25,14.83,-3.83
14-27,14.82,-3.89
14-30,14.81,-3.96
14-32,14.78,-4.15
14-35,14.75,-4.35
14-37,14.77,-4.22
14-39,14.77,-4.22
14-42,14.78,-4.15
14-44,14.76,-4.28
14-47,14.75,-4.35
14-49,14.74,-4.41
14-52,14.65,-4.99
14-54,14.7,-4.67
14-56,14.68,-4.8
14-59,14.67,-4.86
15-01,14.67,-4.86
15-04,14.69,-4.73
15-06,14.68,-4.8
15-09,14.69,-4.73
15-11,14.69,-4.73
15-14,14.67,-4.86
15-16,14.67,-4.86
15-19,14.69,-4.73
15-21,14.67,-4.86
15-24,14.67,-4.86
15-26,14.7,-4.67
15-28,14.73,-4.47
15-31,14.72,-4.54
09-18,14.85,1.16
09-20,14.84,1.09
09-23,14.77,0.61
09-25,14.68,0
09-28,14.56,-0.82
09-30,14.61,-0.48
09-33,14.59,-0.61
09-35,14.56,-0.82
09-38,14.53,-1.02
09-40,14.49,-1.29
09-43,14.6,-0.54
09-45,14.63,-0.34
09-48,14.66,-0.14
09-50,14.79,0.75
09-53,14.82,0.95
09-55,14.81,0.89
09-58,14.7,0.14
10-00,14.77,0.61
10-03,14.69,0.07
10-05,14.76,0.54
10-08,14.8,0.82
10-10,14.75,0.48
10-13,14.95,1.84
10-15,15.18,3.41
10-18,14.99,2.11
10-20,14.94,1.77
10-23,14.93,1.7
10-25,15.02,2.32
10-27,15.08,2.72
10-30,15.08,2.72
10-32,15.02,2.32
10-35,14.93,1.7
10-37,15.01,2.25
10-40,15.01,2.25
10-42,15.02,2.32
10-44,14.98,2.04
10-47,14.94,1.77
10-49,14.98,2.04
10-52,15.11,2.93
10-54,15.06,2.59
10-56,15.08,2.72
10-59,15.05,2.52
11-01,15.01,2.25
11-04,14.97,1.98
11-06,14.98,2.04
11-08,15.04,2.45
11-11,15.13,3.07
11-13,15.07,2.66
11-16,14.97,1.98
11-18,14.97,1.98
11-21,14.98,2.04
11-23,14.96,1.91
11-25,15.02,2.32
11-28,15.02,2.32
11-30,15,2.18
11-32,14.95,1.84
11-35,14.9,1.5
11-37,14.84,1.09
11-40,14.77,0.61
11-42,14.81,0.89
11-44,14.83,1.02
11-47,14.74,0.41
11-49,14.76,0.54
11-52,14.7,0.14
11-54,14.75,0.48
11-56,14.75,0.48
11-59,14.83,1.02
12-01,14.84,1.09
12-04,14.83,1.02
12-06,14.86,1.23
12-08,14.83,1.02
12-11,14.83,1.02
12-13,14.79,0.75
12-16,14.81,0.89
12-18,14.72,0.27
12-20,14.71,0.2
12-23,14.69,0.07
12-25,14.71,0.2
12-27,14.68,0
12-30,14.65,-0.2
12-32,14.63,-0.34
12-35,14.64,-0.27
12-37,14.64,-0.27
12-40,14.65,-0.2
12-42,14.64,-0.27
12-44,14.62,-0.41
12-47,14.65,-0.2
12-49,14.63,-0.34
12-51,14.63,-0.34
12-54,14.66,-0.14
12-56,14.66,-0.14
12-59,14.66,-0.14
13-01,14.79,0.75
13-03,14.76,0.54
13-06,14.77,0.61
13-08,14.72,0.27
13-10,14.7,0.14
13-13,14.74,0.41
13-15,14.68,0
13-18,14.74,0.41
13-20,14.72,0.27
13-23,14.7,0.14
13-25,14.67,-0.07
13-27,14.71,0.2
13-30,14.82,0.95
13-32,14.71,0.2
13-34,14.68,0
13-37,14.73,0.34
13-39,14.77,0.61
13-41,14.81,0.89
13-44,14.85,1.16
13-46,14.89,1.43
13-49,14.82,0.95
13-51,14.79,0.75
13-53,14.71,0.2
13-56,14.69,0.07
13-58,14.79,0.75
14-01,14.68,0
14-03,14.75,0.48
14-05,14.7,0.14
14-08,14.58,-0.68
14-10,14.61,-0.48
14-12,14.54,-0.95
14-15,14.51,-1.16
14-17,14.52,-1.09
14-20,14.48,-1.36
14-22,14.49,-1.29
14-24,14.54,-0.95
14-27,14.52,-1.09
14-29,14.54,-0.95
14-32,14.48,-1.36
14-34,14.58,-0.68
14-36,14.53,-1.02
14-39,14.5,-1.23
14-41,14.51,-1.16
14-43,14.44,-1.63
14-46,14.49,-1.29
14-48,14.49,-1.29
14-51,14.49,-1.29
14-53,14.61,-0.48
14-56,14.56,-0.82
14-58,14.53,-1.02
15-00,14.54,-0.95
15-03,14.57,-0.75
15-05,14.6,-0.54
15-07,14.5,-1.23
15-10,14.5,-1.23
15-12,14.53,-1.02
15-15,14.5,-1.23
15-17,14.55,-0.89
15-19,14.52,-1.09
15-22,14.52,-1.09
15-24,14.5,-1.23
15-27,14.53,-1.02
15-29,14.53,-1.02
15-32,14.53,-1.02
09-18,15.46,6.4
09-20,15.31,5.37
09-23,15.23,4.82
09-25,15.22,4.75
09-27,15.28,5.16
09-30,15.26,5.02
09-32,15.13,4.13
09-35,15.09,3.85
09-37,15.17,4.4
09-39,15.12,4.06
09-42,15.19,4.54
09-44,15.19,4.54
09-47,15.02,3.37
09-49,14.88,2.41
09-52,15.03,3.44
09-54,15.04,3.51
09-56,15.04,3.51
09-59,14.99,3.17
10-01,14.87,2.34
10-04,14.85,2.2
10-06,14.82,2
10-08,14.81,1.93
10-11,14.76,1.58
10-13,14.79,1.79
10-16,14.88,2.41
10-18,14.76,1.58
10-20,14.73,1.38
10-23,14.74,1.45
10-25,14.84,2.13
10-28,14.78,1.72
10-30,14.78,1.72
10-32,14.74,1.45
10-35,14.7,1.17
10-37,14.69,1.1
10-40,14.76,1.58
10-42,14.75,1.51
10-44,14.73,1.38
10-47,14.68,1.03
10-49,14.7,1.17
10-52,14.7,1.17
10-54,14.72,1.31
10-56,14.72,1.31
10-59,14.74,1.45
11-01,14.71,1.24
11-04,14.71,1.24
11-06,14.7,1.17
11-08,14.64,0.76
11-11,14.64,0.76
11-13,14.64,0.76
11-16,14.65,0.83
11-18,14.64,0.76
11-20,14.66,0.89
11-23,14.66,0.89
11-25,14.69,1.1
11-28,14.67,0.96
11-30,14.63,0.69
11-32,14.62,0.62
11-35,14.64,0.76
11-37,14.65,0.83
11-40,14.63,0.69
11-42,14.71,1.24
11-44,14.69,1.1
11-47,14.69,1.1
11-49,14.65,0.83
11-52,14.55,0.14
11-54,14.6,0.48
11-56,14.6,0.48
11-59,14.54,0.07
12-01,14.53,0
12-04,14.55,0.14
12-06,14.61,0.55
12-08,14.55,0.14
12-11,14.62,0.62
12-13,14.6,0.48
12-16,14.63,0.69
12-18,14.63,0.69
12-20,14.62,0.62
12-23,14.64,0.76
12-25,14.63,0.69
12-28,14.6,0.48
12-30,14.6,0.48
12-32,14.61,0.55
12-35,14.56,0.21
12-37,14.58,0.34
12-40,14.59,0.41
12-42,14.62,0.62
12-44,14.62,0.62
12-47,14.6,0.48
12-49,14.62,0.62
12-51,14.62,0.62
12-54,14.62,0.62
12-56,14.57,0.28
12-59,14.6,0.48
13-01,14.6,0.48
13-03,14.6,0.48
13-06,14.61,0.55
13-08,14.6,0.48
13-11,14.6,0.48
13-13,14.61,0.55
13-15,14.62,0.62
13-18,14.64,0.76
13-20,14.64,0.76
13-23,14.7,1.17
13-25,14.74,1.45
13-27,14.74,1.45
13-30,14.66,0.89
13-32,14.65,0.83
13-35,14.65,0.83
13-37,14.66,0.89
13-39,14.63,0.69
13-42,14.65,0.83
13-44,14.62,0.62
13-47,14.64,0.76
13-49,14.62,0.62
13-51,14.65,0.83
13-54,14.63,0.69
13-56,14.62,0.62
13-59,14.57,0.28
14-01,14.55,0.14
14-03,14.57,0.28
14-06,14.55,0.14
14-08,14.57,0.28
14-11,14.56,0.21
14-13,14.72,1.31
14-15,14.59,0.41
14-18,14.56,0.21
14-20,14.5,-0.21
14-23,14.57,0.28
14-25,14.49,-0.28
14-28,14.58,0.34
14-30,14.49,-0.28
14-32,14.48,-0.34
14-35,14.44,-0.62
14-37,14.47,-0.41
14-40,14.47,-0.41
14-42,14.47,-0.41
14-45,14.44,-0.62
14-47,14.43,-0.69
14-49,14.49,-0.28
14-52,14.5,-0.21
14-54,14.5,-0.21
14-56,14.48,-0.34
14-59,14.49,-0.28
15-01,14.41,-0.83
15-04,14.39,-0.96
15-06,14.39,-0.96
15-09,14.41,-0.83
15-11,14.41,-0.83
15-13,14.4,-0.89
15-16,14.46,-0.48
15-18,14.46,-0.48
15-21,14.49,-0.28
15-23,14.46,-0.48
15-25,14.5,-0.21
15-28,14.49,-0.28
15-30,14.53,0
09-18,14.45,0.07
09-21,14.37,-0.48
09-23,14.22,-1.52
09-26,14.2,-1.66
09-28,14.15,-2.01
09-30,14.13,-2.15
09-33,14.16,-1.94
09-35,14.04,-2.77
09-38,14.06,-2.63
09-40,14.09,-2.42
09-42,14.03,-2.84
09-45,14.05,-2.7
09-47,14.06,-2.63
09-50,14.03,-2.84
09-52,14.01,-2.98
09-55,13.99,-3.12
09-57,13.96,-3.32
10-00,13.94,-3.46
10-02,14.02,-2.91
10-04,14,-3.05
10-07,13.97,-3.25
10-09,14,-3.05
10-12,13.93,-3.53
10-14,13.94,-3.46
10-17,13.97,-3.25
10-19,13.98,-3.19
10-21,13.93,-3.53
10-24,13.96,-3.32
10-26,13.91,-3.67
10-29,13.98,-3.19
10-31,14,-3.05
10-34,13.95,-3.39
10-36,13.89,-3.81
10-38,13.81,-4.36
10-41,13.79,-4.5
10-43,13.79,-4.5
10-46,13.81,-4.36
10-48,13.94,-3.46
10-51,13.91,-3.67
10-53,13.86,-4.02
10-55,13.83,-4.22
10-58,13.83,-4.22
11-00,13.83,-4.22
11-03,13.83,-4.22
11-05,13.8,-4.43
11-08,13.82,-4.29
11-10,13.81,-4.36
11-13,13.79,-4.5
11-15,13.82,-4.29
11-17,13.82,-4.29
11-20,13.83,-4.22
11-22,13.84,-4.16
11-25,13.85,-4.09
11-27,13.8,-4.43
11-30,13.81,-4.36
11-32,13.92,-3.6
11-35,13.94,-3.46
11-37,13.9,-3.74
11-40,13.86,-4.02
11-42,13.82,-4.29
11-45,13.81,-4.36
11-47,13.83,-4.22
11-49,13.9,-3.74
11-52,13.92,-3.6
11-54,13.92,-3.6
11-57,13.9,-3.74
11-59,13.84,-4.16
12-02,13.87,-3.95
12-04,13.89,-3.81
12-06,13.84,-4.16
12-09,13.84,-4.16
12-11,13.83,-4.22
12-14,13.84,-4.16
12-16,13.84,-4.16
12-19,13.83,-4.22
12-21,13.83,-4.22
12-23,13.82,-4.29
12-26,13.84,-4.16
12-28,13.83,-4.22
12-31,13.81,-4.36
12-33,13.81,-4.36
12-36,13.83,-4.22
12-38,13.79,-4.5
12-40,13.78,-4.57
12-43,13.81,-4.36
12-45,13.78,-4.57
12-48,13.77,-4.64
12-50,13.78,-4.57
12-52,13.78,-4.57
12-55,13.76,-4.71
12-57,13.8,-4.43
13-00,13.83,-4.22
13-02,13.82,-4.29
13-05,13.82,-4.29
13-07,13.79,-4.5
13-09,13.78,-4.57
13-12,13.8,-4.43
13-14,13.78,-4.57
13-17,13.79,-4.5
13-19,13.82,-4.29
13-21,13.8,-4.43
13-24,13.81,-4.36
13-26,13.78,-4.57
13-29,13.81,-4.36
13-31,13.81,-4.36
13-33,13.76,-4.71
13-36,13.75,-4.78
13-38,13.75,-4.78
13-41,13.76,-4.71
13-43,13.77,-4.64
13-46,13.75,-4.78
13-48,13.75,-4.78
13-50,13.76,-4.71
13-53,13.75,-4.78
13-55,13.77,-4.64
13-58,13.77,-4.64
14-00,13.79,-4.5
14-02,13.76,-4.71
14-05,13.8,-4.43
14-07,13.83,-4.22
14-10,13.84,-4.16
14-12,13.81,-4.36
14-15,13.74,-4.85
14-17,13.74,-4.85
14-20,13.75,-4.78
14-22,13.73,-4.92
14-24,13.73,-4.92
14-27,13.7,-5.12
14-29,13.69,-5.19
14-32,13.67,-5.33
14-34,13.75,-4.78
14-37,13.75,-4.78
14-39,13.73,-4.92
14-41,13.74,-4.85
14-44,13.75,-4.78
14-46,13.75,-4.78
14-49,13.79,-4.5
14-51,13.79,-4.5
14-54,13.79,-4.5
14-56,13.8,-4.43
14-58,13.8,-4.43
15-01,13.77,-4.64
15-03,13.74,-4.85
15-06,13.7,-5.12
15-08,13.67,-5.33
15-10,13.69,-5.19
15-13,13.66,-5.4
15-15,13.66,-5.4
15-18,13.72,-4.99
15-20,13.73,-4.92
15-23,13.72,-4.99
15-25,13.74,-4.85
15-27,13.81,-4.36
15-30,13.77,-4.64
09-18,13.59,-0.95
09-21,13.58,-1.02
09-24,13.56,-1.17
09-27,13.51,-1.53
09-30,13.46,-1.9
09-33,13.39,-2.41
09-36,13.4,-2.33
09-39,13.53,-1.38
09-42,13.47,-1.82
09-45,13.41,-2.26
09-48,13.37,-2.55
09-51,13.42,-2.19
09-54,13.43,-2.11
09-57,13.45,-1.97
09-59,13.4,-2.33
10-02,13.39,-2.41
10-05,13.39,-2.41
10-08,13.36,-2.62
10-11,13.33,-2.84
10-14,13.37,-2.55
10-17,13.35,-2.7
10-20,13.41,-2.26
10-23,13.44,-2.04
10-26,13.42,-2.19
10-29,13.38,-2.48
10-32,13.4,-2.33
10-35,13.39,-2.41
10-38,13.37,-2.55
10-41,13.44,-2.04
10-44,13.45,-1.97
10-47,13.41,-2.26
10-50,13.37,-2.55
10-53,13.31,-2.99
10-55,13.32,-2.92
10-58,13.31,-2.99
11-01,13.28,-3.21
11-04,13.3,-3.06
11-07,13.29,-3.13
11-10,13.3,-3.06
11-13,13.27,-3.28
11-16,13.23,-3.57
11-19,13.3,-3.06
11-22,13.31,-2.99
11-25,13.31,-2.99
11-28,13.3,-3.06
11-31,13.28,-3.21
11-34,13.26,-3.35
11-36,13.29,-3.13
11-39,13.26,-3.35
11-42,13.24,-3.5
11-45,13.26,-3.35
11-48,13.26,-3.35
11-51,13.26,-3.35
11-54,13.25,-3.43
11-57,13.26,-3.35
12-01,13.32,-2.92
12-04,13.36,-2.62
12-07,13.38,-2.48
12-10,13.41,-2.26
12-13,13.42,-2.19
12-15,13.4,-2.33
12-18,13.39,-2.41
12-21,13.39,-2.41
12-24,13.39,-2.41
12-27,13.4,-2.33
12-30,13.41,-2.26
12-33,13.4,-2.33
12-36,13.4,-2.33
12-39,13.41,-2.26
12-42,13.43,-2.11
12-45,13.4,-2.33
12-48,13.43,-2.11
12-51,13.44,-2.04
12-54,13.41,-2.26
12-57,13.41,-2.26
12-59,13.38,-2.48
13-02,13.4,-2.33
13-05,13.38,-2.48
13-42,13.33,-2.84
13-46,13.36,-2.62
13-51,13.33,-2.84
13-54,13.29,-3.13
13-57,13.31,-2.99
14-00,13.3,-3.06
14-03,13.31,-2.99
14-06,13.3,-3.06
14-09,13.26,-3.35
14-11,13.29,-3.13
14-14,13.29,-3.13
14-17,13.28,-3.21
14-20,13.23,-3.57
14-23,13.24,-3.5
14-26,13.25,-3.43
14-29,13.23,-3.57
14-32,13.21,-3.72
14-35,13.21,-3.72
14-38,13.21,-3.72
14-41,13.21,-3.72
14-44,13.21,-3.72
14-47,13.16,-4.08
14-50,13.18,-3.94
14-52,13.18,-3.94
14-55,13.2,-3.79
14-58,13.2,-3.79
15-01,13.23,-3.57
15-04,13.25,-3.43
15-07,13.29,-3.13
15-10,13.32,-2.92
15-13,13.31,-2.99
15-16,13.32,-2.92
15-19,13.37,-2.55
15-22,13.35,-2.7
15-25,13.36,-2.62
15-28,13.32,-2.92
15-31,13.35,-2.7
10-26,13.48,1.28
10-30,13.49,1.35
10-33,13.44,0.98
10-35,13.47,1.2
10-38,13.46,1.13
10-41,13.43,0.9
10-44,13.41,0.75
10-47,13.38,0.53
10-49,13.52,1.58
10-52,13.52,1.58
10-55,13.51,1.5
10-57,13.47,1.2
11-00,13.57,1.95
11-03,13.45,1.05
11-05,13.44,0.98
11-08,13.4,0.68
11-11,13.4,0.68
11-13,13.41,0.75
11-16,13.39,0.6
11-19,13.37,0.45
11-21,13.39,0.6
11-24,13.38,0.53
11-27,13.38,0.53
11-29,13.33,0.15
11-32,13.31,0
11-35,13.37,0.45
11-37,13.32,0.08
11-40,13.32,0.08
11-43,13.33,0.15
11-45,13.31,0
11-48,13.38,0.53
11-51,13.49,1.35
11-53,13.4,0.68
11-56,13.4,0.68
11-59,13.39,0.6
12-01,13.38,0.53
12-04,13.4,0.68
12-07,13.4,0.68
12-09,13.4,0.68
12-12,13.41,0.75
12-15,13.41,0.75
12-17,13.38,0.53
12-20,13.31,0
12-23,13.33,0.15
12-25,13.34,0.23
12-28,13.32,0.08
12-31,13.34,0.23
12-33,13.42,0.83
12-36,13.45,1.05
12-39,13.6,2.18
12-41,13.51,1.5
12-44,13.46,1.13
12-46,13.45,1.05
12-49,13.49,1.35
12-52,13.49,1.35
12-55,13.77,3.46
12-57,13.87,4.21
13-00,13.98,5.03
13-03,13.87,4.21
13-05,13.82,3.83
13-08,13.82,3.83
13-10,13.9,4.43
13-13,13.93,4.66
13-16,13.94,4.73
13-19,13.95,4.81
13-21,13.95,4.81
13-24,13.96,4.88
13-26,13.92,4.58
13-29,13.98,5.03
13-32,14.06,5.63
13-34,14.04,5.48
13-37,14.09,5.86
13-40,14.05,5.56
13-42,13.94,4.73
13-45,13.95,4.81
13-48,13.94,4.73
13-51,13.91,4.51
13-53,14.02,5.33
13-56,13.93,4.66
13-59,13.94,4.73
14-01,13.96,4.88
14-04,13.95,4.81
14-07,13.95,4.81
14-09,13.9,4.43
14-12,13.92,4.58
14-15,13.92,4.58
14-17,13.85,4.06
14-20,13.94,4.73
14-23,13.87,4.21
14-26,13.9,4.43
14-28,13.93,4.66
14-31,13.96,4.88
14-34,13.97,4.96
14-36,13.94,4.73
14-39,13.9,4.43
14-41,13.88,4.28
14-44,13.8,3.68
14-47,13.76,3.38
14-50,13.82,3.83
14-52,13.8,3.68
14-55,13.86,4.13
14-58,13.91,4.51
15-00,13.91,4.51
15-03,13.84,3.98
15-06,13.89,4.36
15-08,13.89,4.36
15-11,13.94,4.73
15-14,13.94,4.73
15-17,13.92,4.58
15-19,13.91,4.51
15-22,13.88,4.28
15-25,13.91,4.51
15-27,13.94,4.73
15-30,13.89,4.36
09-18,13.99,0.58
09-20,14.03,0.86
09-23,13.97,0.43
09-25,14.06,1.08
09-28,14.1,1.37
09-30,14.05,1.01
09-32,14.03,0.86
09-35,14,0.65
09-37,14.01,0.72
09-40,14.04,0.93
09-42,14.06,1.08
09-44,14.16,1.8
09-47,14.2,2.08
09-49,14.28,2.66
09-51,14.25,2.44
09-54,14.13,1.58
09-56,14.08,1.22
09-59,14.14,1.65
10-01,14.35,3.16
10-03,14.28,2.66
10-06,14.3,2.8
10-08,14.3,2.8
10-11,14.31,2.88
10-13,14.23,2.3
10-15,14.31,2.88
10-18,14.12,1.51
10-20,14.14,1.65
10-23,14.13,1.58
10-25,14.28,2.66
10-27,14.19,2.01
10-30,14.11,1.44
10-32,14.15,1.73
10-35,14.18,1.94
10-37,14.19,2.01
10-39,14.16,1.8
10-42,14.21,2.16
10-44,14.22,2.23
10-46,14.19,2.01
10-49,14.18,1.94
10-51,14.24,2.37
10-53,14.21,2.16
10-56,14.2,2.08
10-58,14.2,2.08
11-01,14.18,1.94
11-03,14.26,2.52
11-05,14.22,2.23
11-08,14.2,2.08
11-10,14.22,2.23
11-13,14.27,2.59
11-15,14.17,1.87
11-17,14.21,2.16
11-20,14.22,2.23
11-22,14.21,2.16
11-25,14.21,2.16
11-27,14.17,1.87
11-29,14.11,1.44
11-32,14.15,1.73
11-34,14.09,1.29
11-36,14.22,2.23
11-39,14.17,1.87
11-41,14.21,2.16
11-44,14.21,2.16
11-46,14.21,2.16
11-48,14.19,2.01
11-51,14.15,1.73
11-53,14.2,2.08
11-56,14.21,2.16
11-58,14.19,2.01
12-00,14.19,2.01
12-03,14.21,2.16
12-05,14.16,1.8
12-08,14.14,1.65
12-10,14.13,1.58
12-12,14.14,1.65
12-15,14.06,1.08
12-17,14.02,0.79
12-20,14.08,1.22
12-22,14.05,1.01
12-24,13.99,0.58
12-27,14.08,1.22
12-29,14.09,1.29
12-32,14.03,0.86
12-34,14,0.65
12-36,13.99,0.58
12-39,13.99,0.58
12-41,14,0.65
12-43,13.98,0.5
12-46,13.9,-0.07
12-48,13.93,0.14
12-51,13.94,0.22
12-53,13.98,0.5
12-56,13.98,0.5
12-58,14,0.65
13-00,14.03,0.86
13-03,14.02,0.79
13-05,13.94,0.22
13-08,13.93,0.14
13-10,13.96,0.36
13-12,13.95,0.29
13-15,13.96,0.36
13-17,13.84,-0.5
13-20,13.94,0.22
13-22,13.9,-0.07
13-24,13.91,0
13-27,13.9,-0.07
13-29,13.93,0.14
13-32,13.94,0.22
13-34,13.95,0.29
13-37,13.9,-0.07
13-39,13.91,0
13-41,13.85,-0.43
13-44,13.82,-0.65
13-46,13.83,-0.58
13-49,13.8,-0.79
13-51,13.83,-0.58
13-53,13.85,-0.43
13-56,13.88,-0.22
13-58,13.92,0.07
14-01,13.87,-0.29
14-03,13.89,-0.14
14-05,13.83,-0.58
14-08,13.89,-0.14
14-10,13.88,-0.22
14-13,13.76,-1.08
14-15,13.79,-0.86
14-17,13.73,-1.29
14-20,13.74,-1.22
14-22,13.75,-1.15
14-24,13.74,-1.22
14-27,13.78,-0.93
14-29,13.74,-1.22
14-32,13.79,-0.86
14-34,13.76,-1.08
14-37,13.75,-1.15
14-39,13.76,-1.08
14-41,13.75,-1.15
14-44,13.76,-1.08
14-46,13.79,-0.86
14-49,13.78,-0.93
14-51,13.74,-1.22
14-53,13.73,-1.29
14-56,13.74,-1.22
14-59,13.75,-1.15
15-02,13.76,-1.08
15-06,13.82,-0.65
15-09,13.8,-0.79
15-21,13.76,-1.08
15-33,13.76,-1.08
09-18,13.93,1.24
09-21,13.91,1.09
09-24,14.11,2.54
09-26,13.96,1.45
09-29,13.89,0.94
09-31,13.9,1.02
09-34,13.83,0.51
09-37,13.85,0.65
09-40,13.87,0.8
09-42,13.83,0.51
09-45,13.81,0.36
09-48,13.79,0.22
09-51,13.8,0.29
09-54,13.83,0.51
09-58,13.8,0.29
10-02,13.79,0.22
10-05,13.82,0.44
10-07,13.79,0.22
10-11,13.84,0.58
10-15,13.85,0.65
10-18,13.86,0.73
10-21,13.78,0.15
10-24,13.77,0.07
10-28,13.8,0.29
10-31,13.78,0.15
10-34,13.78,0.15
10-38,13.78,0.15
10-42,13.74,-0.15
10-46,13.74,-0.15
10-50,13.73,-0.22
10-57,13.73,-0.22
11-00,13.76,0
11-04,13.73,-0.22
11-07,13.77,0.07
11-10,13.74,-0.15
11-14,13.67,-0.65
11-18,13.7,-0.44
11-21,13.68,-0.58
11-25,13.68,-0.58
11-29,13.69,-0.51
11-42,13.72,-0.29
12-26,13.72,-0.29
17-31,13.83,0.51
09-18,13.83,0
09-21,13.75,-0.58
09-24,13.6,-1.66
09-27,13.64,-1.37
09-29,13.64,-1.37
09-32,13.68,-1.08
09-35,13.65,-1.3
09-38,13.61,-1.59
09-41,13.59,-1.74
09-43,13.64,-1.37
09-46,13.65,-1.3
09-49,13.76,-0.51
09-52,13.75,-0.58
09-55,13.72,-0.8
09-58,13.71,-0.87
10-00,13.73,-0.72
10-03,13.72,-0.8
10-06,13.67,-1.16
10-09,13.68,-1.08
10-12,13.69,-1.01
10-15,13.7,-0.94
10-18,13.7,-0.94
10-21,13.69,-1.01
10-23,13.64,-1.37
10-26,13.66,-1.23
10-29,13.72,-0.8
10-32,13.67,-1.16
10-35,13.67,-1.16
10-38,13.66,-1.23
10-41,13.68,-1.08
10-44,13.67,-1.16
10-46,13.69,-1.01
10-49,13.68,-1.08
10-52,13.68,-1.08
10-55,13.66,-1.23
10-58,13.62,-1.52
11-01,13.68,-1.08
11-03,13.67,-1.16
11-06,13.64,-1.37
11-09,13.63,-1.45
11-12,13.63,-1.45
11-15,13.65,-1.3
11-18,13.65,-1.3
11-21,13.66,-1.23
11-23,13.61,-1.59
11-26,13.62,-1.52
11-29,13.6,-1.66
11-32,13.58,-1.81
11-35,13.62,-1.52
11-38,13.55,-2.02
11-41,13.51,-2.31
11-43,13.55,-2.02
11-46,13.54,-2.1
11-51,13.66,-1.23
11-54,13.59,-1.74
11-57,13.58,-1.81
12-00,13.59,-1.74
12-03,13.64,-1.37
12-05,13.66,-1.23
12-08,13.64,-1.37
12-12,13.63,-1.45
12-15,13.67,-1.16
12-18,13.68,-1.08
12-21,13.69,-1.01
12-24,13.67,-1.16
12-27,13.69,-1.01
12-30,13.69,-1.01
12-33,13.67,-1.16
12-36,13.63,-1.45
12-39,13.65,-1.3
12-42,13.62,-1.52
12-44,13.58,-1.81
12-47,13.57,-1.88
12-50,13.57,-1.88
12-53,13.62,-1.52
12-56,13.58,-1.81
12-59,13.57,-1.88
13-03,13.59,-1.74
13-06,13.61,-1.59
13-08,13.59,-1.74
13-11,13.58,-1.81
13-14,13.55,-2.02
13-17,13.51,-2.31
13-20,13.56,-1.95
13-23,13.58,-1.81
13-26,13.55,-2.02
13-28,13.55,-2.02
13-31,13.57,-1.88
13-34,13.54,-2.1
13-37,13.55,-2.02
13-41,13.58,-1.81
13-43,13.57,-1.88
13-46,13.52,-2.24
13-49,13.54,-2.1
13-52,13.52,-2.24
13-55,13.53,-2.17
13-58,13.53,-2.17
14-00,13.56,-1.95
14-03,13.57,-1.88
14-06,13.55,-2.02
14-09,13.56,-1.95
14-12,13.57,-1.88
14-15,13.56,-1.95
14-18,13.63,-1.45
14-21,13.62,-1.52
14-24,13.6,-1.66
14-27,13.61,-1.59
14-30,13.58,-1.81
14-33,13.57,-1.88
14-36,13.62,-1.52
14-39,13.6,-1.66
14-42,13.56,-1.95
14-45,13.56,-1.95
14-48,13.6,-1.66
14-51,13.63,-1.45
14-54,13.7,-0.94
14-57,13.69,-1.01
15-00,13.66,-1.23
15-03,13.63,-1.45
15-06,13.64,-1.37
15-09,13.66,-1.23
15-16,13.71,-0.87
15-19,13.64,-1.37
15-22,13.67,-1.16
15-25,13.7,-0.94
15-29,13.72,-0.8
15-32,13.72,-0.8
09-18,13.5,-1.24
09-21,13.5,-1.24
09-23,13.73,0.44
09-25,13.8,0.95
09-28,13.78,0.8
09-30,13.86,1.39
09-33,14.06,2.85
09-35,14,2.41
09-37,14.05,2.78
09-40,14.06,2.85
09-43,13.94,1.98
09-45,13.93,1.9
09-47,13.98,2.27
09-50,14.09,3.07
09-52,14.04,2.71
09-54,13.94,1.98
09-57,13.91,1.76
09-59,13.83,1.17
10-01,13.85,1.32
10-04,13.77,0.73
10-06,13.64,-0.22
10-09,13.7,0.22
10-11,13.73,0.44
10-14,13.66,-0.07
10-16,13.64,-0.22
10-19,13.65,-0.15
10-21,13.63,-0.29
10-24,13.68,0.07
10-26,13.67,0
10-28,13.63,-0.29
10-31,13.64,-0.22
10-33,13.67,0
10-36,13.62,-0.37
10-38,13.64,-0.22
10-41,13.6,-0.51
10-43,13.6,-0.51
10-45,13.59,-0.59
10-48,13.57,-0.73
10-50,13.57,-0.73
10-53,13.58,-0.66
10-55,13.57,-0.73
10-57,13.56,-0.8
11-00,13.54,-0.95
11-02,13.57,-0.73
11-05,13.58,-0.66
11-07,13.57,-0.73
11-09,13.6,-0.51
11-12,13.63,-0.29
11-14,13.58,-0.66
11-17,13.55,-0.88
11-19,13.56,-0.8
11-22,13.59,-0.59
11-24,13.69,0.15
11-26,13.67,0
11-29,13.69,0.15
11-31,13.77,0.73
11-34,13.75,0.59
11-36,13.64,-0.22
11-39,13.63,-0.29
11-41,13.65,-0.15
11-44,13.6,-0.51
11-46,13.56,-0.8
11-49,13.59,-0.59
11-51,13.56,-0.8
11-53,13.56,-0.8
11-56,13.59,-0.59
11-58,13.64,-0.22
12-01,13.68,0.07
12-03,13.66,-0.07
12-06,13.64,-0.22
12-08,13.63,-0.29
12-10,13.61,-0.44
12-13,13.62,-0.37
12-15,13.65,-0.15
12-18,13.69,0.15
12-20,13.7,0.22
12-22,13.67,0
12-25,13.65,-0.15
12-27,13.63,-0.29
12-30,13.63,-0.29
12-32,13.59,-0.59
12-34,13.64,-0.22
12-37,13.65,-0.15
12-39,13.62,-0.37
12-42,13.67,0
12-44,13.67,0
12-46,13.7,0.22
12-49,13.68,0.07
12-51,13.69,0.15
12-54,13.72,0.37
12-56,13.7,0.22
12-58,13.72,0.37
13-01,13.76,0.66
13-03,13.73,0.44
13-06,13.7,0.22
13-08,13.68,0.07
13-10,13.7,0.22
13-13,13.71,0.29
13-15,13.73,0.44
13-18,13.69,0.15
13-20,13.68,0.07
13-22,13.69,0.15
13-25,13.68,0.07
13-27,13.67,0
13-29,13.69,0.15
13-32,13.68,0.07
13-34,13.68,0.07
13-37,13.69,0.15
13-39,13.66,-0.07
13-41,13.67,0
13-44,13.68,0.07
13-46,13.72,0.37
13-49,13.71,0.29
13-51,13.73,0.44
13-53,13.75,0.59
13-56,13.74,0.51
13-58,13.75,0.59
14-01,13.77,0.73
14-03,13.77,0.73
14-06,13.77,0.73
14-08,13.77,0.73
14-11,13.78,0.8
14-13,13.76,0.66
14-16,13.75,0.59
14-18,13.76,0.66
14-20,13.75,0.59
14-23,13.74,0.51
14-27,13.77,0.73
14-30,13.72,0.37
14-33,13.75,0.59
14-36,13.73,0.44
14-38,13.73,0.44
14-41,13.76,0.66
14-43,13.8,0.95
14-45,13.83,1.17
14-48,13.81,1.02
14-50,13.78,0.8
14-53,13.79,0.88
14-55,13.79,0.88
14-58,13.78,0.8
15-00,13.81,1.02
15-02,13.8,0.95
15-05,13.78,0.8
15-07,13.77,0.73
15-10,13.77,0.73
15-12,13.69,0.15
15-15,13.66,-0.07
15-17,13.68,0.07
15-19,13.71,0.29
15-22,13.69,0.15
15-24,13.67,0
15-27,13.7,0.22
15-29,13.72,0.37
15-32,13.69,0.15
09-18,13.73,0
09-20,13.75,0.15
09-23,13.82,0.66
09-25,13.76,0.22
09-28,13.81,0.58
09-30,13.83,0.73
09-33,13.72,-0.07
09-35,13.72,-0.07
09-37,13.76,0.22
09-40,13.76,0.22
09-42,13.79,0.44
09-45,13.74,0.07
09-47,13.84,0.8
09-50,13.78,0.36
09-52,13.73,0
09-54,13.68,-0.36
09-57,13.68,-0.36
09-59,13.68,-0.36
10-02,13.67,-0.44
10-04,13.66,-0.51
10-07,13.67,-0.44
10-09,13.66,-0.51
10-11,13.66,-0.51
10-14,13.63,-0.73
10-16,13.59,-1.02
10-19,13.6,-0.95
10-21,13.66,-0.51
10-24,13.65,-0.58
10-26,13.66,-0.51
10-28,13.66,-0.51
10-31,13.67,-0.44
10-33,13.67,-0.44
10-35,13.7,-0.22
10-38,13.64,-0.66
10-40,13.64,-0.66
10-43,13.67,-0.44
10-45,13.67,-0.44
10-47,13.68,-0.36
10-50,13.67,-0.44
10-52,13.66,-0.51
10-54,13.63,-0.73
10-57,13.66,-0.51
10-59,13.6,-0.95
11-02,13.6,-0.95
11-04,13.58,-1.09
11-07,13.59,-1.02
11-09,13.58,-1.09
11-12,13.58,-1.09
11-14,13.55,-1.31
11-16,13.58,-1.09
11-19,13.56,-1.24
11-21,13.55,-1.31
11-23,13.52,-1.53
11-26,13.54,-1.38
11-28,13.52,-1.53
11-31,13.52,-1.53
11-33,13.54,-1.38
11-35,13.54,-1.38
11-38,13.54,-1.38
11-40,13.59,-1.02
11-43,13.57,-1.17
11-45,13.54,-1.38
11-47,13.6,-0.95
11-50,13.64,-0.66
11-52,13.64,-0.66
11-55,13.61,-0.87
11-57,13.6,-0.95
11-59,13.62,-0.8
12-02,13.62,-0.8
12-04,13.62,-0.8
12-06,13.66,-0.51
12-09,13.63,-0.73
12-11,13.64,-0.66
12-14,13.66,-0.51
12-16,13.68,-0.36
12-18,13.73,0
12-21,13.74,0.07
12-23,13.7,-0.22
12-25,13.7,-0.22
12-28,13.69,-0.29
12-30,13.64,-0.66
12-32,13.59,-1.02
12-35,13.56,-1.24
12-37,13.52,-1.53
12-40,13.52,-1.53
12-42,13.52,-1.53
12-45,13.54,-1.38
12-47,13.59,-1.02
12-49,13.58,-1.09
12-52,13.62,-0.8
12-54,13.56,-1.24
12-57,13.5,-1.68
12-59,13.49,-1.75
13-01,13.51,-1.6
13-04,13.54,-1.38
13-06,13.51,-1.6
13-09,13.49,-1.75
13-11,13.53,-1.46
13-13,13.55,-1.31
13-16,13.54,-1.38
13-18,13.54,-1.38
13-21,13.49,-1.75
13-23,13.5,-1.68
13-25,13.49,-1.75
13-28,13.49,-1.75
13-30,13.48,-1.82
13-33,13.49,-1.75
13-35,13.45,-2.04
13-38,13.49,-1.75
13-40,13.46,-1.97
13-43,13.45,-2.04
13-45,13.45,-2.04
13-47,13.44,-2.11
13-50,13.48,-1.82
13-52,13.53,-1.46
13-55,13.48,-1.82
13-57,13.51,-1.6
13-59,13.54,-1.38
14-02,13.51,-1.6
14-04,13.49,-1.75
14-07,13.5,-1.68
14-09,13.5,-1.68
14-12,13.5,-1.68
14-14,13.48,-1.82
14-17,13.49,-1.75
14-19,13.45,-2.04
14-21,13.47,-1.89
14-24,13.5,-1.68
14-26,13.51,-1.6
14-28,13.51,-1.6
14-31,13.5,-1.68
14-33,13.48,-1.82
14-36,13.47,-1.89
14-38,13.45,-2.04
14-41,13.46,-1.97
14-43,13.44,-2.11
14-45,13.47,-1.89
14-48,13.46,-1.97
14-50,13.46,-1.97
14-53,13.43,-2.18
14-55,13.47,-1.89
14-58,13.42,-2.26
15-00,13.39,-2.48
15-02,13.39,-2.48
15-05,13.39,-2.48
15-07,13.41,-2.33
15-10,13.41,-2.33
15-12,13.44,-2.11
15-15,13.49,-1.75
15-17,13.49,-1.75
15-20,13.51,-1.6
15-22,13.54,-1.38
15-24,13.56,-1.24
15-27,13.58,-1.09
15-29,13.51,-1.6
15-32,13.47,-1.89
09-18,14.06,4.38
09-20,14.16,5.12
09-23,14.15,5.05
09-25,14.09,4.6
09-28,14.03,4.16
09-30,13.97,3.71
09-32,13.98,3.79
09-35,13.96,3.64
09-37,13.96,3.64
09-40,13.94,3.49
09-42,13.9,3.19
09-44,13.88,3.04
09-47,13.89,3.12
09-49,13.91,3.27
09-52,13.9,3.19
09-54,13.9,3.19
09-56,13.89,3.12
09-59,13.83,2.67
10-01,13.89,3.12
10-04,13.88,3.04
10-06,13.9,3.19
10-08,13.87,2.97
10-11,13.89,3.12
10-13,13.9,3.19
10-16,13.88,3.04
10-18,13.85,2.82
10-20,13.85,2.82
10-23,13.84,2.75
10-25,13.86,2.9
10-28,13.84,2.75
10-30,13.83,2.67
10-32,13.84,2.75
10-35,13.84,2.75
10-37,13.86,2.9
10-39,13.78,2.3
10-42,13.8,2.45
10-44,13.78,2.3
10-47,13.79,2.38
10-49,13.72,1.86
10-51,13.73,1.93
10-54,13.74,2
10-56,13.73,1.93
10-59,13.71,1.78
11-01,13.75,2.08
11-03,13.76,2.15
11-06,13.75,2.08
11-08,13.75,2.08
11-10,13.75,2.08
11-13,13.76,2.15
11-15,13.76,2.15
11-18,13.76,2.15
11-20,13.76,2.15
11-22,13.78,2.3
11-25,13.77,2.23
11-27,13.79,2.38
11-29,13.77,2.23
11-32,13.76,2.15
11-34,13.75,2.08
11-37,13.72,1.86
11-39,13.77,2.23
11-41,13.71,1.78
11-44,13.73,1.93
11-46,13.74,2
11-48,13.77,2.23
11-51,13.81,2.52
11-53,13.86,2.9
11-56,13.84,2.75
11-58,13.84,2.75
12-00,13.82,2.6
12-03,13.8,2.45
12-05,13.74,2
12-08,13.76,2.15
12-10,13.8,2.45
12-12,13.78,2.3
12-15,13.81,2.52
12-17,13.83,2.67
12-20,13.84,2.75
12-22,13.78,2.3
12-24,13.76,2.15
12-27,13.75,2.08
12-29,13.74,2
12-32,13.73,1.93
12-34,13.72,1.86
12-36,13.74,2
12-39,13.72,1.86
12-41,13.74,2
12-43,13.74,2
12-46,13.75,2.08
12-48,13.78,2.3
12-51,13.8,2.45
12-53,13.82,2.6
12-55,13.77,2.23
12-58,13.75,2.08
13-00,13.74,2
13-03,13.75,2.08
13-05,13.73,1.93
13-07,13.74,2
13-10,13.74,2
13-12,13.74,2
13-15,13.74,2
13-17,13.74,2
13-19,13.75,2.08
13-22,13.72,1.86
13-24,13.71,1.78
13-27,13.71,1.78
13-29,13.72,1.86
13-32,13.69,1.63
13-34,13.72,1.86
13-36,13.75,2.08
13-39,13.73,1.93
13-41,13.72,1.86
13-43,13.74,2
13-46,13.73,1.93
13-48,13.78,2.3
13-51,13.81,2.52
13-53,13.8,2.45
13-55,13.79,2.38
13-58,13.79,2.38
14-00,13.75,2.08
14-03,13.76,2.15
14-05,13.8,2.45
14-07,13.78,2.3
14-10,13.77,2.23
14-12,13.76,2.15
14-15,13.8,2.45
14-17,13.83,2.67
14-19,13.85,2.82
14-22,13.86,2.9
14-24,13.99,3.86
14-27,13.99,3.86
14-29,14.03,4.16
14-31,14.13,4.9
14-34,14.04,4.23
14-36,13.98,3.79
14-38,14.18,5.27
14-41,14.09,4.6
14-43,14.05,4.31
14-46,14.03,4.16
14-48,14.06,4.38
14-50,14,3.93
14-53,14.06,4.38
14-55,13.96,3.64
14-58,13.95,3.56
15-00,13.99,3.86
15-02,13.94,3.49
15-05,13.95,3.56
15-07,13.94,3.49
15-10,13.96,3.64
15-12,13.93,3.41
15-14,13.95,3.56
15-17,13.94,3.49
15-19,14.02,4.08
15-21,14.05,4.31
15-24,14.05,4.31
15-26,14.08,4.53
15-29,14.06,4.38
15-31,14.01,4.01
09-18,14.17,1.29
09-21,14.28,2.07
09-25,14.24,1.79
09-27,14.22,1.64
09-30,14.26,1.93
09-33,14.19,1.43
09-36,14.22,1.64
09-39,14.13,1
09-42,14.19,1.43
09-45,14.13,1
09-47,14.13,1
09-50,14.09,0.71
09-53,14.15,1.14
09-56,14.17,1.29
09-59,14.15,1.14
10-02,14.16,1.22
10-05,14.18,1.36
10-08,14.19,1.43
10-11,14.22,1.64
10-13,14.15,1.14
10-16,14.14,1.07
10-19,14.19,1.43
10-22,14.26,1.93
10-25,14.21,1.57
10-28,14.19,1.43
10-30,14.2,1.5
10-33,14.18,1.36
10-36,14.25,1.86
10-38,14.22,1.64
10-41,14.2,1.5
10-44,14.19,1.43
10-47,14.18,1.36
10-50,14.17,1.29
10-53,14.18,1.36
10-55,14.15,1.14
10-58,14.2,1.5
11-01,14.17,1.29
11-04,14.21,1.57
11-07,14.17,1.29
11-10,14.17,1.29
11-12,14.24,1.79
11-15,14.25,1.86
11-18,14.25,1.86
11-21,14.21,1.57
11-24,14.29,2.14
11-27,14.24,1.79
11-29,14.28,2.07
11-32,14.29,2.14
11-35,14.25,1.86
11-38,14.25,1.86
11-41,14.24,1.79
11-44,14.24,1.79
11-47,14.2,1.5
11-50,14.21,1.57
11-52,14.17,1.29
11-55,14.19,1.43
11-58,14.25,1.86
12-01,14.22,1.64
12-04,14.21,1.57
12-07,14.25,1.86
12-10,14.22,1.64
12-12,14.23,1.72
12-15,14.2,1.5
12-18,14.19,1.43
12-22,14.18,1.36
12-25,14.17,1.29
12-27,14.16,1.22
12-30,14.16,1.22
12-34,14.17,1.29
12-37,14.17,1.29
12-40,14.17,1.29
12-43,14.21,1.57
12-46,14.2,1.5
12-49,14.2,1.5
12-51,14.2,1.5
12-54,14.19,1.43
12-57,14.19,1.43
13-00,14.23,1.72
13-03,14.2,1.5
13-06,14.2,1.5
13-09,14.21,1.57
13-11,14.22,1.64
13-14,14.2,1.5
13-17,14.18,1.36
13-20,14.15,1.14
13-23,14.17,1.29
13-26,14.19,1.43
13-28,14.2,1.5
13-31,14.2,1.5
13-34,14.17,1.29
13-37,14.18,1.36
13-40,14.19,1.43
13-42,14.18,1.36
13-45,14.17,1.29
13-48,14.17,1.29
13-51,14.16,1.22
13-54,14.16,1.22
13-57,14.15,1.14
13-59,14.13,1
14-02,14.12,0.93
14-05,14.12,0.93
14-08,14.16,1.22
14-11,14.13,1
14-14,14.12,0.93
14-16,14.11,0.86
14-19,14.16,1.22
14-22,14.13,1
14-25,14.11,0.86
14-28,14.12,0.93
14-30,14.11,0.86
14-33,14.14,1.07
14-36,14.13,1
14-39,14.17,1.29
14-42,14.14,1.07
14-45,14.19,1.43
14-47,14.14,1.07
14-50,14.09,0.71
14-53,14.09,0.71
14-56,14.06,0.5
14-58,14.06,0.5
15-01,14.06,0.5
15-04,14.04,0.36
15-07,14.04,0.36
15-10,14.09,0.71
15-13,14.09,0.71
15-16,14.15,1.14
15-18,14.06,0.5
15-21,14.09,0.71
15-24,14.09,0.71
15-27,14.07,0.57
15-30,14.08,0.64
09-18,13.92,-1.07
09-20,14.02,-0.36
09-23,14.02,-0.36
09-25,14.04,-0.21
09-28,14.08,0.07
09-30,14.11,0.28
09-32,14.13,0.43
09-35,14.09,0.14
09-37,14.02,-0.36
09-39,14,-0.5
09-42,13.98,-0.64
09-44,13.98,-0.64
09-46,13.99,-0.57
09-49,13.9,-1.21
09-51,13.88,-1.35
09-54,13.87,-1.42
09-56,13.88,-1.35
09-58,13.91,-1.14
10-01,13.91,-1.14
10-03,13.92,-1.07
10-05,13.97,-0.71
10-08,13.97,-0.71
10-10,13.97,-0.71
10-13,13.99,-0.57
10-15,14,-0.5
10-17,13.98,-0.64
10-20,13.95,-0.85
10-22,13.97,-0.71
10-24,13.97,-0.71
10-27,13.98,-0.64
10-29,14,-0.5
10-32,13.97,-0.71
10-34,13.98,-0.64
10-37,13.88,-1.35
10-39,13.91,-1.14
10-41,13.92,-1.07
10-44,13.89,-1.28
10-46,13.92,-1.07
10-48,13.91,-1.14
10-51,13.91,-1.14
10-53,13.97,-0.71
10-55,13.95,-0.85
10-58,13.97,-0.71
11-00,13.95,-0.85
11-03,13.99,-0.57
11-05,13.99,-0.57
11-07,13.95,-0.85
11-10,13.92,-1.07
11-12,13.93,-1
11-14,13.89,-1.28
11-17,13.92,-1.07
11-19,13.91,-1.14
11-22,13.9,-1.21
11-24,13.92,-1.07
11-26,13.95,-0.85
11-29,13.93,-1
11-31,13.87,-1.42
11-34,13.91,-1.14
11-36,13.91,-1.14
11-38,13.96,-0.78
11-41,14,-0.5
11-43,13.97,-0.71
11-46,13.96,-0.78
11-48,13.97,-0.71
11-50,13.98,-0.64
11-53,13.98,-0.64
11-55,13.99,-0.57
11-58,13.99,-0.57
12-00,13.96,-0.78
12-02,13.96,-0.78
12-05,13.98,-0.64
12-07,13.98,-0.64
12-09,13.99,-0.57
12-12,13.98,-0.64
12-14,13.98,-0.64
12-16,13.98,-0.64
12-19,14,-0.5
12-21,13.99,-0.57
12-24,13.99,-0.57
12-26,13.98,-0.64
12-29,13.96,-0.78
12-31,13.94,-0.92
12-33,13.94,-0.92
12-36,13.93,-1
12-38,13.94,-0.92
12-40,13.94,-0.92
12-43,13.96,-0.78
12-45,13.95,-0.85
12-48,14,-0.5
12-50,13.97,-0.71
12-52,13.96,-0.78
12-55,13.94,-0.92
12-57,13.91,-1.14
13-00,13.95,-0.85
13-02,13.96,-0.78
13-04,13.91,-1.14
13-07,13.92,-1.07
13-10,13.89,-1.28
13-12,13.93,-1
13-15,13.88,-1.35
13-17,13.91,-1.14
13-20,13.88,-1.35
13-22,13.91,-1.14
13-25,13.86,-1.49
13-27,13.86,-1.49
13-30,13.88,-1.35
13-33,13.82,-1.78
13-35,13.84,-1.63
13-38,13.85,-1.56
13-40,13.87,-1.42
13-43,13.87,-1.42
13-45,13.88,-1.35
13-48,13.88,-1.35
13-50,13.91,-1.14
13-53,13.92,-1.07
13-55,13.95,-0.85
13-57,13.9,-1.21
14-00,13.91,-1.14
14-02,13.88,-1.35
14-05,13.89,-1.28
14-07,13.87,-1.42
14-09,13.86,-1.49
14-12,13.82,-1.78
14-14,13.82,-1.78
14-16,13.79,-1.99
14-19,13.82,-1.78
14-21,13.81,-1.85
14-24,13.79,-1.99
14-26,13.8,-1.92
14-29,13.81,-1.85
14-31,13.77,-2.13
14-33,13.77,-2.13
14-36,13.74,-2.35
14-38,13.76,-2.2
14-41,13.75,-2.27
14-43,13.76,-2.2
14-45,13.72,-2.49
14-48,13.73,-2.42
14-50,13.75,-2.27
14-52,13.7,-2.63
14-55,13.72,-2.49
14-58,13.7,-2.63
15-00,13.68,-2.77
15-03,13.66,-2.91
15-05,13.68,-2.77
15-07,13.69,-2.7
15-10,13.67,-2.84
15-12,13.7,-2.63
15-15,13.72,-2.49
15-17,13.69,-2.7
15-19,13.71,-2.56
15-22,13.69,-2.7
15-24,13.71,-2.56
15-27,13.69,-2.7
15-29,13.72,-2.49
15-32,13.69,-2.7
09-18,13.69,0
09-20,13.71,0.15
09-23,13.68,-0.07
09-25,13.58,-0.8
09-28,13.65,-0.29
09-30,13.61,-0.58
09-32,13.56,-0.95
09-35,13.52,-1.24
09-37,13.52,-1.24
09-40,13.51,-1.31
09-42,13.49,-1.46
09-44,13.48,-1.53
09-47,13.43,-1.9
09-49,13.44,-1.83
09-51,13.49,-1.46
09-54,13.43,-1.9
09-56,13.44,-1.83
09-59,13.4,-2.12
10-01,13.41,-2.05
10-03,13.46,-1.68
10-06,13.43,-1.9
10-08,13.4,-2.12
10-10,13.38,-2.26
10-13,13.4,-2.12
10-15,13.42,-1.97
10-18,13.42,-1.97
10-20,13.37,-2.34
10-22,13.35,-2.48
10-25,13.37,-2.34
10-27,13.37,-2.34
10-30,13.34,-2.56
10-32,13.37,-2.34
10-34,13.35,-2.48
10-37,13.37,-2.34
10-39,13.37,-2.34
10-41,13.37,-2.34
10-44,13.37,-2.34
10-46,13.37,-2.34
10-49,13.36,-2.41
10-51,13.35,-2.48
10-53,13.4,-2.12
10-56,13.43,-1.9
10-58,13.44,-1.83
11-01,13.44,-1.83
11-03,13.4,-2.12
11-05,13.39,-2.19
11-08,13.39,-2.19
11-10,13.33,-2.63
11-13,13.32,-2.7
11-15,13.31,-2.78
11-17,13.34,-2.56
11-20,13.38,-2.26
11-22,13.37,-2.34
11-25,13.37,-2.34
11-27,13.4,-2.12
11-30,13.39,-2.19
11-32,13.44,-1.83
11-34,13.38,-2.26
11-37,13.37,-2.34
11-39,13.46,-1.68
11-42,13.45,-1.75
11-44,13.45,-1.75
11-46,13.48,-1.53
11-49,13.45,-1.75
11-51,13.47,-1.61
11-54,13.47,-1.61
11-56,13.44,-1.83
11-59,13.44,-1.83
12-01,13.42,-1.97
12-03,13.42,-1.97
12-06,13.4,-2.12
12-08,13.4,-2.12
12-11,13.4,-2.12
12-13,13.43,-1.9
12-15,13.43,-1.9
12-18,13.4,-2.12
12-20,13.38,-2.26
12-22,13.39,-2.19
12-25,13.4,-2.12
12-27,13.4,-2.12
12-30,13.39,-2.19
12-32,13.38,-2.26
12-34,13.38,-2.26
12-37,13.37,-2.34
12-39,13.37,-2.34
12-42,13.36,-2.41
12-44,13.36,-2.41
12-46,13.31,-2.78
12-49,13.32,-2.7
12-51,13.32,-2.7
12-54,13.32,-2.7
12-56,13.32,-2.7
12-58,13.3,-2.85
13-01,13.3,-2.85
13-03,13.33,-2.63
13-06,13.33,-2.63
13-08,13.34,-2.56
13-11,13.36,-2.41
13-13,13.35,-2.48
13-15,13.35,-2.48
13-18,13.34,-2.56
13-20,13.34,-2.56
13-22,13.36,-2.41
13-25,13.36,-2.41
13-27,13.36,-2.41
13-30,13.33,-2.63
13-32,13.35,-2.48
13-34,13.32,-2.7
13-37,13.31,-2.78
13-39,13.31,-2.78
13-42,13.31,-2.78
13-44,13.31,-2.78
13-46,13.3,-2.85
13-49,13.34,-2.56
13-51,13.31,-2.78
13-54,13.32,-2.7
13-56,13.31,-2.78
13-58,13.33,-2.63
14-01,13.35,-2.48
14-03,13.31,-2.78
14-06,13.33,-2.63
14-08,13.32,-2.7
14-10,13.34,-2.56
14-13,13.35,-2.48
14-15,13.35,-2.48
14-17,13.36,-2.41
14-20,13.33,-2.63
14-22,13.32,-2.7
14-25,13.35,-2.48
14-27,13.35,-2.48
14-29,13.36,-2.41
14-32,13.34,-2.56
14-34,13.3,-2.85
14-37,13.33,-2.63
14-39,13.31,-2.78
14-41,13.26,-3.14
14-44,13.31,-2.78
14-46,13.31,-2.78
14-49,13.27,-3.07
14-51,13.31,-2.78
14-53,13.25,-3.21
14-56,13.26,-3.14
14-58,13.24,-3.29
15-00,13.28,-2.99
15-03,13.31,-2.78
15-05,13.28,-2.99
15-08,13.27,-3.07
15-10,13.26,-3.14
15-12,13.27,-3.07
15-15,13.28,-2.99
15-17,13.28,-2.99
15-19,13.29,-2.92
15-22,13.27,-3.07
15-24,13.25,-3.21
15-27,13.29,-2.92
15-29,13.33,-2.63
15-31,13.32,-2.7
09-18,13.9,4.67
09-20,13.79,3.84
09-23,13.76,3.61
09-25,13.69,3.09
09-28,13.54,1.96
09-30,13.57,2.18
09-33,13.54,1.96
09-35,13.6,2.41
09-38,13.61,2.48
09-41,13.61,2.48
09-43,13.59,2.33
09-46,13.59,2.33
09-49,13.58,2.26
09-52,13.54,1.96
09-54,13.58,2.26
09-56,13.54,1.96
09-59,13.58,2.26
10-02,13.58,2.26
10-05,13.52,1.81
10-08,13.5,1.66
10-11,13.5,1.66
10-13,13.53,1.88
10-16,13.54,1.96
10-19,13.47,1.43
10-22,13.57,2.18
10-25,13.52,1.81
10-28,13.59,2.33
10-31,13.56,2.11
10-33,13.54,1.96
10-36,13.52,1.81
10-38,13.55,2.03
10-40,13.56,2.11
10-43,13.61,2.48
10-46,13.56,2.11
10-49,13.59,2.33
10-51,13.61,2.48
10-54,13.61,2.48
10-57,13.6,2.41
10-59,13.62,2.56
11-02,13.58,2.26
11-04,13.6,2.41
11-07,13.58,2.26
11-10,13.62,2.56
11-13,13.65,2.79
11-15,13.64,2.71
11-18,13.64,2.71
11-21,13.59,2.33
11-24,13.58,2.26
11-26,13.59,2.33
11-29,13.58,2.26
11-32,13.58,2.26
11-35,13.57,2.18
11-37,13.54,1.96
11-40,13.56,2.11
11-43,13.52,1.81
11-46,13.52,1.81
11-48,13.49,1.58
11-50,13.49,1.58
11-53,13.53,1.88
11-56,13.54,1.96
11-58,13.49,1.58
12-01,13.5,1.66
12-04,13.48,1.51
12-06,13.47,1.43
12-09,13.47,1.43
12-12,13.49,1.58
12-15,13.49,1.58
12-18,13.53,1.88
12-21,13.54,1.96
12-23,13.55,2.03
12-26,13.51,1.73
12-28,13.56,2.11
12-31,13.59,2.33
12-33,13.6,2.41
12-36,13.67,2.94
12-39,13.69,3.09
12-41,13.7,3.16
12-44,13.65,2.79
12-47,13.68,3.01
12-49,13.67,2.94
12-52,13.64,2.71
12-54,13.64,2.71
12-57,13.62,2.56
13-00,13.59,2.33
13-03,13.63,2.64
13-06,13.63,2.64
13-08,13.65,2.79
13-11,13.64,2.71
13-13,13.66,2.86
13-16,13.62,2.56
13-19,13.58,2.26
13-22,13.57,2.18
13-24,13.54,1.96
13-27,13.56,2.11
13-30,13.54,1.96
13-33,13.56,2.11
13-35,13.55,2.03
13-38,13.58,2.26
13-41,13.56,2.11
13-43,13.56,2.11
13-46,13.56,2.11
13-49,13.54,1.96
13-51,13.56,2.11
13-54,13.56,2.11
13-56,13.58,2.26
13-59,13.51,1.73
14-02,13.51,1.73
14-04,13.53,1.88
14-07,13.49,1.58
14-10,13.49,1.58
14-13,13.49,1.58
14-16,13.5,1.66
14-19,13.5,1.66
14-22,13.5,1.66
14-25,13.49,1.58
14-27,13.47,1.43
14-30,13.55,2.03
14-32,13.5,1.66
14-35,13.49,1.58
14-38,13.49,1.58
14-41,13.51,1.73
14-44,13.51,1.73
14-46,13.47,1.43
14-49,13.44,1.2
14-52,13.42,1.05
14-55,13.44,1.2
14-58,13.43,1.13
15-00,13.44,1.2
15-03,13.43,1.13
15-05,13.42,1.05
15-08,13.42,1.05
15-10,13.42,1.05
15-13,13.41,0.98
15-16,13.42,1.05
15-19,13.4,0.9
15-22,13.4,0.9
15-24,13.41,0.98
15-27,13.42,1.05
15-30,13.42,1.05
09-18,13.37,-0.37
09-20,13.44,0.15
09-23,13.46,0.3
09-25,13.48,0.45
09-27,13.51,0.67
09-30,13.57,1.12
09-32,13.62,1.49
09-34,13.58,1.19
09-37,13.56,1.04
09-39,13.5,0.6
09-42,13.44,0.15
09-44,13.43,0.07
09-46,13.33,-0.67
09-49,13.38,-0.3
09-51,13.34,-0.6
09-53,13.41,-0.07
09-56,13.38,-0.3
09-58,13.37,-0.37
10-01,13.39,-0.22
10-03,13.41,-0.07
10-06,13.41,-0.07
10-08,13.45,0.22
10-10,13.4,-0.15
10-13,13.45,0.22
10-15,13.47,0.37
10-17,13.42,0
10-20,13.42,0
10-22,13.37,-0.37
10-24,13.38,-0.3
10-27,13.43,0.07
10-29,13.42,0
10-32,13.43,0.07
10-34,13.42,0
10-36,13.43,0.07
10-39,13.44,0.15
10-41,13.44,0.15
10-43,13.46,0.3
10-46,13.42,0
10-48,13.41,-0.07
10-51,13.39,-0.22
10-53,13.42,0
10-55,13.4,-0.15
10-58,13.39,-0.22
11-00,13.37,-0.37
11-02,13.34,-0.6
11-05,13.36,-0.45
11-07,13.33,-0.67
11-09,13.33,-0.67
11-12,13.35,-0.52
11-14,13.39,-0.22
11-17,13.34,-0.6
11-19,13.34,-0.6
11-21,13.36,-0.45
11-24,13.34,-0.6
11-26,13.35,-0.52
11-29,13.35,-0.52
11-31,13.36,-0.45
11-33,13.33,-0.67
11-36,13.31,-0.82
11-38,13.32,-0.75
11-40,13.29,-0.97
11-43,13.3,-0.89
11-45,13.32,-0.75
11-48,13.29,-0.97
11-50,13.3,-0.89
11-52,13.3,-0.89
11-55,13.3,-0.89
11-57,13.29,-0.97
11-59,13.29,-0.97
12-02,13.28,-1.04
12-04,13.28,-1.04
12-07,13.3,-0.89
12-09,13.3,-0.89
12-11,13.3,-0.89
12-14,13.31,-0.82
12-16,13.33,-0.67
12-18,13.34,-0.6
12-21,13.37,-0.37
12-23,13.37,-0.37
12-26,13.38,-0.3
12-28,13.36,-0.45
12-30,13.35,-0.52
12-33,13.34,-0.6
12-35,13.35,-0.52
12-37,13.34,-0.6
12-40,13.37,-0.37
12-42,13.32,-0.75
12-45,13.37,-0.37
12-47,13.37,-0.37
12-49,13.34,-0.6
12-52,13.32,-0.75
12-54,13.32,-0.75
12-57,13.3,-0.89
12-59,13.29,-0.97
13-01,13.23,-1.42
13-04,13.25,-1.27
13-06,13.27,-1.12
13-08,13.27,-1.12
13-11,13.27,-1.12
13-13,13.26,-1.19
13-15,13.29,-0.97
13-18,13.28,-1.04
13-20,13.29,-0.97
13-23,13.3,-0.89
13-25,13.27,-1.12
13-27,13.29,-0.97
13-30,13.28,-1.04
13-32,13.27,-1.12
13-35,13.25,-1.27
13-37,13.26,-1.19
13-39,13.25,-1.27
13-42,13.26,-1.19
13-44,13.24,-1.34
13-46,13.25,-1.27
13-49,13.27,-1.12
13-51,13.27,-1.12
13-54,13.28,-1.04
13-56,13.26,-1.19
13-58,13.26,-1.19
14-01,13.26,-1.19
14-03,13.26,-1.19
14-05,13.24,-1.34
14-08,13.25,-1.27
14-10,13.26,-1.19
14-13,13.27,-1.12
14-15,13.3,-0.89
14-17,13.28,-1.04
14-20,13.29,-0.97
14-22,13.29,-0.97
14-24,13.28,-1.04
14-27,13.28,-1.04
14-29,13.27,-1.12
14-32,13.28,-1.04
14-34,13.29,-0.97
14-36,13.3,-0.89
14-39,13.3,-0.89
14-41,13.31,-0.82
14-43,13.3,-0.89
14-46,13.3,-0.89
14-48,13.29,-0.97
14-51,13.28,-1.04
14-53,13.27,-1.12
14-55,13.29,-0.97
14-58,13.26,-1.19
15-00,13.25,-1.27
15-03,13.21,-1.56
15-05,13.18,-1.79
15-07,13.19,-1.71
15-10,13.24,-1.34
15-12,13.18,-1.79
15-15,13.19,-1.71
15-17,13.19,-1.71
15-19,13.16,-1.94
15-22,13.28,-1.04
15-24,13.24,-1.34
15-26,13.22,-1.49
15-29,13.26,-1.19
15-31,13.28,-1.04
09-18,13.39,1.36
09-20,13.45,1.82
09-23,13.55,2.57
09-25,13.53,2.42
09-28,13.51,2.27
09-30,13.47,1.97
09-32,13.48,2.04
09-35,13.44,1.74
09-37,13.48,2.04
09-39,13.45,1.82
09-42,13.48,2.04
09-44,13.4,1.44
09-47,13.39,1.36
09-49,13.4,1.44
09-51,13.39,1.36
09-54,13.39,1.36
09-56,13.38,1.29
09-59,13.36,1.14
10-01,13.36,1.14
10-03,13.35,1.06
10-06,13.34,0.98
10-08,13.36,1.14
10-10,13.37,1.21
10-13,13.37,1.21
10-15,13.35,1.06
10-17,13.3,0.68
10-20,13.26,0.38
10-22,13.28,0.53
10-24,13.27,0.45
10-27,13.34,0.98
10-29,13.33,0.91
10-32,13.34,0.98
10-34,13.35,1.06
10-37,13.34,0.98
10-39,13.34,0.98
10-41,13.35,1.06
10-44,13.32,0.83
10-46,13.31,0.76
10-48,13.33,0.91
10-51,13.3,0.68
10-53,13.33,0.91
10-56,13.35,1.06
10-58,13.37,1.21
11-00,13.34,0.98
11-03,13.34,0.98
11-05,13.34,0.98
11-08,13.37,1.21
11-10,13.39,1.36
11-12,13.44,1.74
11-15,13.36,1.14
11-17,13.4,1.44
11-20,13.36,1.14
11-22,13.42,1.59
11-24,13.41,1.51
11-27,13.41,1.51
11-29,13.43,1.67
11-31,13.44,1.74
11-34,13.39,1.36
11-36,13.37,1.21
11-39,13.42,1.59
11-41,13.37,1.21
11-43,13.38,1.29
11-46,13.43,1.67
11-48,13.41,1.51
11-50,13.4,1.44
11-53,13.37,1.21
11-55,13.34,0.98
11-58,13.34,0.98
12-00,13.35,1.06
12-02,13.35,1.06
12-05,13.35,1.06
12-07,13.37,1.21
12-09,13.39,1.36
12-12,13.39,1.36
12-14,13.4,1.44
12-16,13.37,1.21
12-19,13.34,0.98
12-21,13.35,1.06
12-24,13.35,1.06
12-26,13.36,1.14
12-29,13.35,1.06
12-31,13.37,1.21
12-33,13.37,1.21
12-36,13.38,1.29
12-38,13.33,0.91
12-40,13.34,0.98
12-43,13.33,0.91
12-45,13.32,0.83
12-48,13.31,0.76
12-50,13.33,0.91
12-52,13.32,0.83
12-55,13.33,0.91
12-57,13.31,0.76
13-00,13.32,0.83
13-02,13.3,0.68
13-04,13.31,0.76
13-07,13.32,0.83
13-09,13.33,0.91
13-11,13.42,1.59
13-14,13.4,1.44
13-16,13.37,1.21
13-19,13.36,1.14
13-21,13.36,1.14
13-23,13.36,1.14
13-26,13.4,1.44
13-28,13.37,1.21
13-30,13.36,1.14
13-33,13.36,1.14
13-35,13.37,1.21
13-37,13.35,1.06
13-40,13.34,0.98
13-42,13.39,1.36
13-45,13.39,1.36
13-47,13.39,1.36
13-49,13.4,1.44
13-52,13.39,1.36
13-54,13.39,1.36
13-57,13.4,1.44
13-59,13.42,1.59
14-01,13.4,1.44
14-04,13.34,0.98
14-06,13.35,1.06
14-09,13.33,0.91
14-11,13.36,1.14
14-14,13.35,1.06
14-16,13.36,1.14
14-19,13.31,0.76
14-21,13.3,0.68
14-24,13.29,0.61
14-26,13.32,0.83
14-29,13.31,0.76
14-31,13.28,0.53
14-33,13.31,0.76
14-36,13.29,0.61
14-38,13.29,0.61
14-40,13.29,0.61
14-43,13.3,0.68
14-45,13.31,0.76
14-48,13.3,0.68
14-50,13.31,0.76
14-52,13.3,0.68
14-55,13.28,0.53
14-57,13.29,0.61
14-59,13.29,0.61
15-02,13.31,0.76
15-04,13.3,0.68
15-07,13.27,0.45
15-09,13.28,0.53
15-11,13.28,0.53
15-14,13.29,0.61
15-16,13.32,0.83
15-19,13.32,0.83
15-21,13.33,0.91
15-24,13.32,0.83
15-26,13.31,0.76
15-28,13.27,0.45
15-31,13.26,0.38
09-18,13.19,-0.83
09-20,13.19,-0.83
09-23,13.11,-1.43
09-25,13.14,-1.2
09-28,13.15,-1.13
09-30,13.1,-1.5
09-33,13.08,-1.65
09-35,13.1,-1.5
09-38,13.1,-1.5
09-41,13.11,-1.43
09-43,13.05,-1.88
09-45,13.05,-1.88
09-48,13.04,-1.95
09-50,12.99,-2.33
09-53,13.04,-1.95
09-55,13.03,-2.03
09-57,13.06,-1.8
10-00,13.07,-1.73
10-02,13.08,-1.65
10-05,13.06,-1.8
10-07,13.17,-0.98
10-09,13.19,-0.83
10-12,13.2,-0.75
10-14,13.17,-0.98
10-17,13.15,-1.13
10-19,13.08,-1.65
10-22,13.08,-1.65
10-24,13.08,-1.65
10-26,13.1,-1.5
10-29,13.11,-1.43
10-31,13.1,-1.5
10-34,13.12,-1.35
10-36,13.11,-1.43
10-39,13.1,-1.5
10-41,13.11,-1.43
10-44,13.09,-1.58
10-46,13.09,-1.58
10-48,13.08,-1.65
10-51,13.08,-1.65
10-53,13.06,-1.8
10-56,13.08,-1.65
10-58,13.09,-1.58
11-01,13.09,-1.58
11-03,13.09,-1.58
11-05,13.09,-1.58
11-08,13.1,-1.5
11-10,13.1,-1.5
11-13,13.04,-1.95
11-15,13.06,-1.8
11-18,13.06,-1.8
11-20,13.05,-1.88
11-22,13.07,-1.73
11-25,13.01,-2.18
11-27,13.02,-2.11
11-30,13.01,-2.18
11-32,12.97,-2.48
11-35,13.02,-2.11
11-37,12.98,-2.41
11-40,12.96,-2.56
11-42,12.98,-2.41
11-45,12.97,-2.48
11-47,12.97,-2.48
11-50,12.97,-2.48
11-52,12.96,-2.56
11-55,12.96,-2.56
11-57,12.95,-2.63
11-59,12.96,-2.56
12-02,12.96,-2.56
12-04,12.95,-2.63
12-07,12.95,-2.63
12-09,12.94,-2.71
12-12,12.94,-2.71
12-14,12.93,-2.78
12-17,12.92,-2.86
12-19,12.9,-3.01
12-21,12.9,-3.01
12-24,12.91,-2.93
12-26,12.89,-3.08
12-29,12.91,-2.93
12-31,12.89,-3.08
12-34,12.91,-2.93
12-36,12.89,-3.08
12-39,12.88,-3.16
12-42,12.84,-3.46
12-44,12.84,-3.46
12-47,12.85,-3.38
12-49,12.84,-3.46
12-51,12.89,-3.08
12-54,12.88,-3.16
12-56,12.87,-3.23
12-59,12.86,-3.31
13-01,12.86,-3.31
13-04,12.85,-3.38
13-06,12.86,-3.31
13-09,12.82,-3.61
13-11,12.88,-3.16
13-14,12.88,-3.16
13-17,12.92,-2.86
13-19,12.89,-3.08
13-22,12.91,-2.93
13-24,12.96,-2.56
13-27,12.97,-2.48
13-29,12.88,-3.16
13-32,12.88,-3.16
13-34,12.87,-3.23
13-37,12.89,-3.08
13-39,12.88,-3.16
13-42,12.9,-3.01
13-44,12.93,-2.78
13-46,12.9,-3.01
13-49,12.88,-3.16
13-51,12.87,-3.23
13-54,12.87,-3.23
13-56,12.85,-3.38
13-59,12.89,-3.08
14-01,12.89,-3.08
14-04,12.9,-3.01
14-06,12.88,-3.16
14-08,12.91,-2.93
14-11,12.86,-3.31
14-13,12.88,-3.16
14-15,12.88,-3.16
14-18,12.92,-2.86
14-20,12.89,-3.08
14-23,12.83,-3.53
14-25,12.86,-3.31
14-27,12.86,-3.31
14-30,12.86,-3.31
14-32,12.84,-3.46
14-35,12.83,-3.53
14-37,12.76,-4.06
14-39,12.74,-4.21
14-42,12.72,-4.36
14-44,12.7,-4.51
14-46,12.68,-4.66
14-49,12.69,-4.59
14-51,12.64,-4.96
14-54,12.63,-5.04
14-56,12.62,-5.11
14-59,12.63,-5.04
15-01,12.64,-4.96
15-03,12.63,-5.04
15-06,12.56,-5.56
15-08,12.63,-5.04
15-11,12.57,-5.49
15-13,12.54,-5.71
15-15,12.54,-5.71
15-18,12.67,-4.74
15-20,12.67,-4.74
15-23,12.57,-5.49
15-25,12.59,-5.34
15-27,12.53,-5.79
15-30,12.53,-5.79
09-18,12.65,0.4
09-20,12.69,0.71
09-23,12.68,0.63
09-25,12.66,0.48
09-28,12.61,0.08
09-30,12.55,-0.4
09-32,12.54,-0.48
09-35,12.46,-1.11
09-37,12.49,-0.87
09-40,12.49,-0.87
09-42,12.46,-1.11
09-45,12.41,-1.51
09-47,12.45,-1.19
09-50,12.46,-1.11
09-53,12.49,-0.87
09-55,12.47,-1.03
09-58,12.41,-1.51
10-00,12.43,-1.35
10-02,12.43,-1.35
10-05,12.42,-1.43
10-07,12.42,-1.43
10-10,12.39,-1.67
10-12,12.41,-1.51
10-28,12.31,-2.3
10-30,12.31,-2.3
10-33,12.34,-2.06
10-35,12.34,-2.06
10-38,12.38,-1.75
10-40,12.42,-1.43
10-43,12.38,-1.75
10-45,12.39,-1.67
10-48,12.48,-0.95
10-50,12.58,-0.16
10-53,12.64,0.32
10-55,12.55,-0.4
10-58,12.52,-0.63
11-00,12.58,-0.16
11-03,12.58,-0.16
11-06,12.55,-0.4
11-08,12.58,-0.16
11-10,12.62,0.16
11-13,12.57,-0.24
11-15,12.55,-0.4
11-18,12.62,0.16
11-20,12.6,0
11-23,12.56,-0.32
11-25,12.61,0.08
11-28,12.57,-0.24
11-30,12.58,-0.16
11-33,12.58,-0.16
11-35,12.61,0.08
11-38,12.61,0.08
11-40,12.63,0.24
11-42,12.67,0.56
11-45,12.7,0.79
11-47,12.69,0.71
11-50,12.7,0.79
11-52,12.7,0.79
11-55,12.69,0.71
11-57,12.71,0.87
12-00,12.75,1.19
12-02,12.75,1.19
12-05,12.72,0.95
12-07,12.71,0.87
12-10,12.65,0.4
12-12,12.64,0.32
12-15,12.69,0.71
12-17,12.7,0.79
12-20,12.75,1.19
12-22,12.64,0.32
12-24,12.66,0.48
12-27,12.69,0.71
12-29,12.66,0.48
12-32,12.7,0.79
12-35,12.66,0.48
12-37,12.61,0.08
12-40,12.63,0.24
12-42,12.62,0.16
12-45,12.64,0.32
12-47,12.64,0.32
12-49,12.66,0.48
12-52,12.62,0.16
12-55,12.6,0
12-57,12.62,0.16
12-59,12.62,0.16
13-02,12.63,0.24
13-04,12.64,0.32
13-07,12.66,0.48
13-09,12.69,0.71
13-12,12.67,0.56
13-14,12.67,0.56
13-17,12.67,0.56
13-19,12.7,0.79
13-22,12.69,0.71
13-25,12.74,1.11
13-27,12.69,0.71
13-30,12.68,0.63
13-32,12.72,0.95
13-34,12.74,1.11
13-37,12.71,0.87
13-40,12.74,1.11
13-42,12.67,0.56
13-45,12.65,0.4
13-47,12.69,0.71
13-49,12.73,1.03
13-52,12.69,0.71
13-54,12.72,0.95
13-57,12.69,0.71
13-59,12.66,0.48
14-02,12.74,1.11
14-04,12.72,0.95
14-07,12.7,0.79
14-09,12.64,0.32
14-12,12.66,0.48
14-14,12.64,0.32
14-17,12.6,0
14-19,12.58,-0.16
14-22,12.57,-0.24
14-24,12.59,-0.08
14-27,12.63,0.24
14-29,12.59,-0.08
14-32,12.61,0.08
14-34,12.62,0.16
14-37,12.61,0.08
14-39,12.59,-0.08
14-41,12.63,0.24
14-44,12.62,0.16
14-46,12.66,0.48
14-49,12.66,0.48
14-51,12.63,0.24
14-53,12.6,0
14-56,12.62,0.16
14-58,12.61,0.08
15-01,12.57,-0.24
15-03,12.58,-0.16
15-06,12.56,-0.32
15-08,12.57,-0.24
15-11,12.59,-0.08
15-13,12.59,-0.08
15-16,12.63,0.24
15-18,12.56,-0.32
15-21,12.57,-0.24
15-23,12.56,-0.32
15-25,12.58,-0.16
15-28,12.58,-0.16
15-30,12.57,-0.24
09-18,13.07,3.9
09-21,13.11,4.21
09-24,13.14,4.45
09-27,13.14,4.45
09-30,13.18,4.77
09-33,13.18,4.77
09-36,13.26,5.41
09-39,13.28,5.56
09-42,13.25,5.33
09-45,13.26,5.41
09-47,13.41,6.6
09-50,13.29,5.64
09-53,13.34,6.04
09-56,13.24,5.25
09-59,13.26,5.41
10-02,13.27,5.48
10-05,13.3,5.72
10-08,13.31,5.8
10-11,13.27,5.48
10-14,13.28,5.56
10-16,13.3,5.72
10-19,13.35,6.12
10-22,13.34,6.04
10-25,13.39,6.44
10-28,13.35,6.12
10-31,13.44,6.84
10-34,13.52,7.47
10-37,13.58,7.95
10-39,13.58,7.95
10-42,13.59,8.03
10-45,13.59,8.03
10-48,13.64,8.43
10-51,13.69,8.82
10-54,13.73,9.14
10-57,13.75,9.3
11-00,13.93,10.73
11-03,13.8,9.7
11-06,13.61,8.19
11-09,13.61,8.19
11-12,13.6,8.11
11-15,13.66,8.59
11-18,13.64,8.43
11-21,13.62,8.27
11-24,13.6,8.11
11-27,13.67,8.66
11-29,13.62,8.27
11-32,13.71,8.98
11-35,13.71,8.98
11-38,13.69,8.82
11-41,13.68,8.74
11-44,13.53,7.55
11-47,13.53,7.55
11-50,13.6,8.11
11-52,13.61,8.19
11-55,13.64,8.43
11-58,13.65,8.51
12-01,13.61,8.19
12-04,13.55,7.71
12-07,13.61,8.19
12-10,13.68,8.74
12-13,13.64,8.43
12-16,13.64,8.43
12-19,13.61,8.19
12-21,13.56,7.79
12-24,13.56,7.79
12-27,13.59,8.03
12-30,13.59,8.03
12-33,13.57,7.87
12-36,13.6,8.11
12-39,13.58,7.95
12-42,13.57,7.87
12-45,13.55,7.71
12-48,13.58,7.95
12-50,13.58,7.95
12-53,13.6,8.11
12-56,13.62,8.27
12-59,13.66,8.59
13-02,13.75,9.3
13-05,13.65,8.51
13-07,13.61,8.19
13-10,13.63,8.35
13-13,13.67,8.66
13-16,13.64,8.43
13-19,13.67,8.66
13-21,13.65,8.51
13-24,13.62,8.27
13-27,13.66,8.59
13-30,13.64,8.43
13-33,13.62,8.27
13-36,13.64,8.43
13-39,13.63,8.35
13-41,13.64,8.43
13-44,13.7,8.9
13-47,13.71,8.98
13-50,13.73,9.14
13-52,13.63,8.35
13-55,13.6,8.11
13-57,13.6,8.11
14-00,13.57,7.87
14-03,13.59,8.03
14-06,13.62,8.27
14-08,13.62,8.27
14-11,13.58,7.95
14-14,13.53,7.55
14-17,13.53,7.55
14-20,13.53,7.55
14-23,13.55,7.71
14-26,13.59,8.03
14-29,13.63,8.35
14-32,13.63,8.35
14-34,13.68,8.74
14-37,13.73,9.14
14-40,13.69,8.82
14-43,13.64,8.43
14-46,13.69,8.82
14-48,13.66,8.59
14-51,13.69,8.82
14-54,13.66,8.59
14-57,13.68,8.74
14-59,13.7,8.9
15-02,13.65,8.51
15-05,13.68,8.74
15-08,13.73,9.14
15-10,13.74,9.22
15-13,13.71,8.98
15-16,13.7,8.9
15-19,13.71,8.98
15-22,13.71,8.98
15-24,13.7,8.9
15-27,13.71,8.98
15-30,13.69,8.82
09-26,14.13,3.14
09-30,14.03,2.41
09-34,14.02,2.34
09-38,14.05,2.55
09-42,14.05,2.55
09-45,14.07,2.7
09-49,14.05,2.55
09-53,14.17,3.43
09-57,14.08,2.77
10-01,14.13,3.14
10-05,14.2,3.65
10-09,14.19,3.58
10-13,14.23,3.87
10-17,14.18,3.5
10-21,14.29,4.31
10-24,14.4,5.11
10-28,14.31,4.45
10-32,14.22,3.8
10-36,14.27,4.16
10-40,14.25,4.01
10-44,14.23,3.87
10-48,14.29,4.31
10-52,14.31,4.45
10-56,14.34,4.67
11-00,14.41,5.18
11-04,14.34,4.67
11-08,14.29,4.31
11-11,14.34,4.67
11-15,14.22,3.8
11-19,14.22,3.8
11-23,14.32,4.53
11-27,14.21,3.72
11-30,14.12,3.07
11-34,14.14,3.21
11-37,14.23,3.87
11-41,14.16,3.36
11-45,14.1,2.92
11-49,14.17,3.43
11-53,14.13,3.14
11-57,14.16,3.36
12-01,14.15,3.28
12-05,14.16,3.36
12-09,14.12,3.07
12-13,14.12,3.07
12-17,14.06,2.63
12-20,14.06,2.63
12-24,14,2.19
12-28,13.98,2.04
12-32,13.86,1.17
12-36,13.93,1.68
12-40,13.9,1.46
12-44,13.84,1.02
12-48,13.84,1.02
12-52,13.85,1.09
12-56,13.84,1.02
13-00,13.83,0.95
13-04,13.84,1.02
13-06,13.86,1.17
13-10,13.84,1.02
13-14,13.82,0.88
13-17,13.84,1.02
13-21,13.75,0.36
13-38,13.65,-0.36
13-56,13.73,0.22
14-22,13.71,0.07
14-41,13.59,-0.8
15-00,13.62,-0.58
15-19,13.66,-0.29
15-25,13.72,0.15
15-29,13.77,0.51
15-33,13.64,-0.44
09-18,13.83,1.39
09-20,13.89,1.83
09-23,13.87,1.69
09-26,13.84,1.47
09-28,13.81,1.25
09-31,13.86,1.61
09-33,13.83,1.39
09-36,13.72,0.59
09-38,13.68,0.29
09-41,13.67,0.22
09-43,13.67,0.22
09-46,13.72,0.59
09-48,13.64,0
09-51,13.66,0.15
09-53,13.69,0.37
09-56,13.64,0
09-58,13.57,-0.51
10-01,13.65,0.07
10-03,13.57,-0.51
10-06,13.6,-0.29
10-09,13.56,-0.59
10-11,13.6,-0.29
10-14,13.52,-0.88
10-16,13.58,-0.44
10-19,13.51,-0.95
10-21,13.49,-1.1
10-24,13.51,-0.95
10-26,13.49,-1.1
10-29,13.46,-1.32
10-31,13.52,-0.88
10-34,13.48,-1.17
10-36,13.49,-1.1
10-39,13.53,-0.81
10-41,13.52,-0.88
10-44,13.53,-0.81
10-46,13.52,-0.88
10-49,13.52,-0.88
10-51,13.48,-1.17
10-54,13.54,-0.73
10-56,13.56,-0.59
10-59,13.59,-0.37
11-01,13.55,-0.66
11-03,13.58,-0.44
11-06,13.62,-0.15
11-08,13.63,-0.07
11-10,13.61,-0.22
11-13,13.62,-0.15
11-15,13.59,-0.37
11-17,13.67,0.22
11-20,13.63,-0.07
11-22,13.64,0
11-24,13.65,0.07
11-27,13.7,0.44
11-29,13.66,0.15
11-32,13.6,-0.29
11-34,13.6,-0.29
11-36,13.58,-0.44
11-39,13.64,0
11-41,13.64,0
11-43,13.65,0.07
11-46,13.64,0
11-48,13.64,0
11-50,13.63,-0.07
11-53,13.63,-0.07
11-55,13.66,0.15
11-58,13.65,0.07
12-00,13.69,0.37
12-02,13.72,0.59
12-05,13.73,0.66
12-07,13.67,0.22
12-10,13.67,0.22
12-12,13.65,0.07
12-14,13.67,0.22
12-17,13.7,0.44
12-19,13.71,0.51
12-21,13.71,0.51
12-24,13.74,0.73
12-26,13.75,0.81
12-28,13.73,0.66
12-31,13.74,0.73
12-33,13.73,0.66
12-35,13.62,-0.15
12-38,13.72,0.59
12-40,13.72,0.59
12-43,13.73,0.66
12-45,13.7,0.44
12-47,13.73,0.66
12-50,13.68,0.29
12-52,13.67,0.22
12-55,13.71,0.51
12-57,13.72,0.59
13-00,13.75,0.81
13-02,13.75,0.81
13-04,13.78,1.03
13-07,13.74,0.73
13-09,13.71,0.51
13-11,13.7,0.44
13-14,13.69,0.37
13-16,13.72,0.59
13-18,13.78,1.03
13-21,13.67,0.22
13-23,13.69,0.37
13-25,13.66,0.15
13-28,13.68,0.29
13-30,13.69,0.37
13-33,13.7,0.44
13-35,13.74,0.73
13-37,13.73,0.66
13-40,13.73,0.66
13-42,13.74,0.73
13-44,13.7,0.44
13-47,13.65,0.07
13-49,13.71,0.51
13-52,13.64,0
13-54,13.62,-0.15
13-56,13.58,-0.44
13-59,13.61,-0.22
14-01,13.59,-0.37
14-03,13.55,-0.66
14-06,13.53,-0.81
14-08,13.5,-1.03
14-11,13.59,-0.37
14-13,13.58,-0.44
14-15,13.58,-0.44
14-18,13.59,-0.37
14-20,13.6,-0.29
14-22,13.6,-0.29
14-25,13.56,-0.59
14-27,13.59,-0.37
14-30,13.6,-0.29
14-32,13.61,-0.22
14-34,13.6,-0.29
14-37,13.58,-0.44
14-39,13.57,-0.51
14-41,13.55,-0.66
14-44,13.54,-0.73
14-46,13.54,-0.73
14-48,13.54,-0.73
14-51,13.52,-0.88
14-53,13.47,-1.25
14-55,13.54,-0.73
14-58,13.52,-0.88
15-00,13.48,-1.17
15-03,13.51,-0.95
15-05,13.45,-1.39
15-07,13.43,-1.54
15-10,13.42,-1.61
15-12,13.4,-1.76
15-14,13.42,-1.61
15-17,13.5,-1.03
15-19,13.49,-1.1
15-22,13.47,-1.25
15-24,13.47,-1.25
15-26,13.51,-0.95
15-29,13.55,-0.66
15-31,13.55,-0.66
09-18,13.58,0.82
09-21,13.67,1.48
09-24,13.65,1.34
09-26,13.69,1.63
09-29,13.56,0.67
09-31,13.55,0.59
09-34,13.65,1.34
09-36,13.62,1.11
09-39,13.6,0.97
09-41,13.59,0.89
09-44,13.58,0.82
09-46,13.53,0.45
09-49,13.58,0.82
09-51,13.64,1.26
09-54,13.58,0.82
09-56,13.54,0.52
09-59,13.53,0.45
10-01,13.57,0.74
10-04,13.61,1.04
10-06,13.6,0.97
10-09,13.65,1.34
10-11,13.63,1.19
10-14,13.67,1.48
10-17,13.68,1.56
10-19,13.69,1.63
10-22,13.72,1.86
10-24,13.67,1.48
10-27,13.72,1.86
10-29,13.67,1.48
10-32,13.7,1.71
10-34,13.75,2.08
10-37,13.82,2.6
10-39,13.83,2.67
10-42,13.81,2.52
10-44,13.81,2.52
10-46,13.81,2.52
10-49,13.83,2.67
10-51,13.75,2.08
10-54,13.73,1.93
10-56,13.76,2.15
10-59,13.79,2.38
11-01,13.73,1.93
11-04,13.69,1.63
11-07,13.69,1.63
11-09,13.73,1.93
11-12,13.72,1.86
11-14,13.71,1.78
11-17,13.67,1.48
11-19,13.75,2.08
11-22,13.74,2
11-24,13.68,1.56
11-27,13.68,1.56
11-29,13.66,1.41
11-32,13.63,1.19
11-34,13.65,1.34
11-37,13.64,1.26
11-40,13.62,1.11
11-42,13.64,1.26
11-45,13.56,0.67
11-47,13.6,0.97
11-50,13.65,1.34
11-52,13.61,1.04
11-55,13.62,1.11
11-57,13.56,0.67
12-00,13.55,0.59
12-02,13.56,0.67
12-05,13.58,0.82
12-07,13.59,0.89
12-10,13.52,0.37
12-12,13.51,0.3
12-15,13.49,0.15
12-17,13.52,0.37
12-19,13.53,0.45
12-22,13.46,-0.07
12-24,13.47,0
12-27,13.42,-0.37
12-29,13.44,-0.22
12-32,13.46,-0.07
12-34,13.49,0.15
12-37,13.5,0.22
12-39,13.49,0.15
12-42,13.52,0.37
12-44,13.48,0.07
12-47,13.41,-0.45
12-49,13.46,-0.07
12-52,13.46,-0.07
12-54,13.43,-0.3
12-57,13.45,-0.15
12-59,13.41,-0.45
13-02,13.41,-0.45
13-04,13.39,-0.59
13-07,13.37,-0.74
13-09,13.37,-0.74
13-12,13.36,-0.82
13-14,13.37,-0.74
13-17,13.39,-0.59
13-19,13.34,-0.97
13-22,13.34,-0.97
13-24,13.34,-0.97
13-27,13.36,-0.82
13-29,13.31,-1.19
13-32,13.28,-1.41
13-35,13.27,-1.48
13-37,13.3,-1.26
13-40,13.3,-1.26
13-42,13.31,-1.19
13-45,13.29,-1.34
13-47,13.28,-1.41
13-50,13.28,-1.41
13-52,13.26,-1.56
13-55,13.27,-1.48
13-57,13.29,-1.34
14-01,13.26,-1.56
14-04,13.26,-1.56
14-06,13.28,-1.41
14-09,13.28,-1.41
14-11,13.27,-1.48
14-14,13.28,-1.41
14-16,13.3,-1.26
14-19,13.31,-1.19
14-21,13.31,-1.19
14-24,13.31,-1.19
14-26,13.32,-1.11
14-29,13.33,-1.04
14-31,13.31,-1.19
14-34,13.31,-1.19
14-36,13.33,-1.04
14-39,13.28,-1.41
14-41,13.27,-1.48
14-44,13.28,-1.41
14-46,13.3,-1.26
14-48,13.3,-1.26
14-51,13.29,-1.34
14-53,13.27,-1.48
14-56,13.29,-1.34
14-58,13.26,-1.56
15-00,13.27,-1.48
15-03,13.3,-1.26
15-05,13.31,-1.19
15-07,13.31,-1.19
15-10,13.29,-1.34
15-12,13.28,-1.41
15-15,13.3,-1.26
15-17,13.33,-1.04
15-19,13.3,-1.26
15-22,13.3,-1.26
15-24,13.28,-1.41
15-26,13.32,-1.11
15-29,13.26,-1.56
15-31,13.38,-0.67
09-19,13.12,-1.35
09-22,13.03,-2.03
09-25,13.03,-2.03
09-29,12.92,-2.86
09-32,12.86,-3.31
09-35,12.86,-3.31
09-42,12.84,-3.46
09-46,12.87,-3.23
