Script,mCap
SOMANYCERA,2426
UNIONGOLD,0
BAJAJINDEF,1390
UNIONBANK,111558
VIPCLOTHNG,368
RCF,8747
TPLPLASTEH,632
EXCELINDUS,1580
NESTLEIND,228395
HNGSNGBEES,0
SANOFICONR,11704
MOL,2341
ORICONENT,723
SETFGOLD,0
SAILIFE,15865
PROTEAN,3776
EPIGRAL,7876
SUPRAJIT,6326
ALKYLAMINE,10231
MMP,639
MOVALUE,0
MANYAVAR,19336
PARAGMILK,2669
RECLTD,104678
VESUVIUS,11916
GRINFRA,12852
SUNDARMFIN,54494
PETRONET,45219
BBL,3301
GMBREW,1683
AJAXENGG,6895
NKIND,42
BALAXI,255
HDFCNIFTY,0
TOP10ADD,0
TORNTPOWER,71296
ZAGGLE,5744
SHAH,295
BSE500IETF,0
RAMCOIND,2335
HARRMALAYA,398
SPARC,5242
BOROSCI,1264
SELECTIPO,0
ISGEC,9009
BELRISE,9396
BIKAJI,18544
GALAPREC,1125
VMART,7340
JNKINDIA,2032
HNDFDS,6291
MAYURUNIQ,2512
HEUBACHIND,1354
NPST,4051
MONIFTY500,0
BALMLAWRIE,3614
KPIL,20255
CROMPTON,22374
ASTRAL,42724
GALAXYSURF,9037
HGINFRA,6904
TARIL,14802
SATIA,814
MSCIINDIA,0
KOLTEPATIL,3464
UNITDSPR,104878
GHCL,5937
SANOFI,14162
AARTIIND,16696
KNRCON,6062
COFFEEDAY,739
DEN,1724
SPAL,2064
REFEX,6053
SEMAC,128
AXISGOLD,0
ZUARI,902
JHS,114
LTF,47860
DALMIASUG,3404
BAJAJELEC,7663
BANKBEES,0
SBIBPB,0
POWERMECH,9977
MAGNUM,180
PRAJIND,9097
VARROC,8516
SIGACHI,2254
LUPIN,92038
ATHERENERG,12228
MALLCOM,765
GSPL,18574
MOPSE,0
MFSL,55149
RHL,427
ABB,127876
ADVANIHOTR,576
PREMIERENE,45873
NETWORK18,8391
EVIETF,0
BANKNIFTY1,0
MATRIMONY,1204
YUKEN,1379
TIIL,6610
CDSL,35223
KCPSUGIND,403
STARHEALTH,26428
OBEROIRLTY,69600
NCC,14360
SMARTLINK,160
VRLLOG,5017
TNPETRO,831
GAEL,5272
E2E,3776
CHOICEIN,14384
INDIACEM,10439
JGCHEM,1577
GSEC10ABSL,0
ACL,632
FSL,26872
NATIONALUM,34503
EMUDHRA,6015
MOLOWVOL,0
TIPSMUSIC,8583
AXISBANK,378465
VINCOFE,1641
RUPA,1701
KDDL,3649
GOCOLORS,4673
DCMNVL,333
LXCHEM,5467
THERMAX,40100
LINCOLN,1159
BLBLIMITED,80
JSWENERGY,90190
EMULTIMQ,0
NEXT50IETF,0
AUTOBEES,0
ASHAPURMIN,3695
ALKALI,100
BAIDFIN,147
OSWALSEEDS,132
BPL,476
VAISHALI,169
SCHAND,857
PARKHOTELS,3537
PENIND,3185
FINPIPE,14291
GNA,1365
GICHSGFIN,1030
SHOPERSTOP,5521
PPLPHARMA,26074
FOODSIN,734
KSL,3892
CARERATING,5716
AURIONPRO,7439
JUNIPER,7004
HPIL,152
DLINKINDIA,1912
RAMCOCEM,24784
NIFTYIETF,0
INDOSTAR,4569
PRABHA,3562
AYMSYNTEX,1461
GMRP&UI,7807
NILAINFRA,494
BASML,276
KINGFA,3748
GROWWGOLD,0
ADANIPOWER,215958
BEARDSELL,128
LIKHITHA,1175
PHOENIXLTD,57923
ASMS,438
ZEEMEDIA,864
NORTHARC,3619
GANDHAR,1686
DABUR,83399
GANGAFORGE,58
OBCL,117
AHLUCONT,6277
AVG,438
AXISNIFTY,0
MONEXT50,0
BFINVEST,1828
RELIANCE,1945430
MBAPL,3077
JBCHEPHARM,26817
IGL,29362
SAKAR,721
VADILALIND,3832
AAATECH,108
VGUARD,16378
STARCEMENT,8577
CUB,14467
STEELXIND,988
YATRA,1460
SHALPAINTS,827
GPTINFRA,1658
EMIL,5803
SIGNATURE,18127
ZENTEC,17686
ALLDIGI,1380
INSPIRISYS,423
WIPRO,275199
3MINDIA,32814
SURAJLTD,743
GILLETTE,33680
THOMASCOOK,7650
AXISHCETF,0
SHIVAMAUTO,392
ICRA,6515
PRUDMOULI,145
LIQUIDETF,0
UGROCAP,1671
ASIANENE,1358
VIJIFIN,34
ORIENTELEC,4740
KALYANKJIL,53897
PGIL,6468
PANACEABIO,2749
NIFTY1,0
ASTRAZEN,25085
TATATECH,30222
SUPREMEIND,59303
ONELIFECAP,17
BAJAJFINSV,321501
OSWALGREEN,1177
TNPL,1117
GODIGIT,31972
PSUBNKIETF,0
STYRENIX,5834
LIQUIDCASE,0
LEMONTREE,10901
KIRLOSIND,3889
GOLDETFADD,0
SUNCLAY,4712
VENKEYS,2299
GOKUL,459
MAHLOG,2411
SIYSIL,3177
EKC,1460
NIPPOBATRY,371
SUPRIYA,5506
JAGRAN,1569
MARALOVER,313
MASPTOP50,0
LIQUID,0
TRENT,205810
MOSCHIP,3509
SHYAMMETL,23390
SILINV,639
DHANUKA,7698
HCLTECH,467179
ORIENTPPR,632
PIDILITIND,152366
WABAG,9665
NETWEB,10223
BALPHARMA,167
DEEDEV,2035
KCP,2610
XCHANGING,1092
AVTNPL,993
EMCURE,25608
DEVYANI,20838
LTFOODS,15776
STYLEBAAZA,1935
FEDERALBNK,50783
PALASHSECU,133
SILVERCASE,0
THEJO,1988
CELEBRITY,84
RADHIKAJWE,1040
MAHSCOOTER,17009
SANGHIIND,1567
MOTISONS,2082
VASWANI,148
PARACABLES,1691
NYKAA,56716
JKPAPER,6222
HUHTAMAKI,1595
NH,39531
MIDSELIETF,0
GLAXO,57329
RML,2757
BFSI,0
ARMANFIN,1852
EQUAL50ADD,0
SRF,91491
RUSHIL,860
GANESHHOUC,8242
DIVISLAB,178700
NIRAJ,330
BOSCHLTD,95440
SILVERBEES,0
SOFTTECH,464
FIRSTCRY,18818
SIRCA,2096
FLAIR,2698
PAGEIND,50388
BCLIND,1261
DELPHIFX,176
ORIENTCEM,5184
SONATSOFTW,11863
SAURASHCEM,970
SDL26BEES,0
FIBERWEB,148
TITAGARH,11925
MANINDS,2592
PRAKASHSTL,113
ASTRAMICRO,11060
FMCGIETF,0
PIONEEREMB,133
PCJEWELLER,8068
RAIN,5024
BDL,69830
SAKSOFT,2515
TALBROAUTO,1815
SENORES,2573
STEELCITY,161
SBIN,706294
GPTHEALTH,1246
INDUSTOWER,102852
ARCHIES,83
MONTECARLO,1260
DCMSHRIRAM,18107
SYNGENE,26318
BSE,108048
NATCAPSUQ,229
NIACL,30656
GOLDIAM,3928
PRECAM,1993
KBCGLOBAL,303
OFSS,84394
WINDMACHIN,3193
HEALTHY,0
ZOTA,2474
MITCON,133
LTTS,47757
MOTOGENFIN,105
LATENTVIEW,8338
CHOLAFIN,133478
WELENT,7218
MAGADSUGAR,969
BEPL,2848
GROWWLIQID,0
RICOAUTO,1068
GOLD360,0
APOLLO,6586
NIF10GETF,0
BSLSENETFG,0
DCI,409
PARASPETRO,90
DEEPAKFERT,19896
SURYODAY,1494
PDSL,5872
M&MFIN,37731
APLAPOLLO,50910
TCS,1262967
CCL,10723
HITECHCORP,328
DIACABS,5454
ELECTCAST,8187
PNB,122756
CIGNITITEC,4603
BAJAJHIND,3019
UYFINCORP,346
INDIANCARD,199
JPOLYINVST,913
IMPAL,1333
CANTABIL,2136
METAL,0
PRIMESECU,878
AFFLE,26982
RETAIL,27
AKASH,49
GLOSTERLTD,757
MODISONLTD,534
SINCLAIR,457
HINDCOMPOS,739
SENCO,5811
VIKASLIFE,487
KAMDHENU,893
MOLDTKPAC,2350
RATNAMANI,20153
ITI,30450
VMM,59379
AJANTPHARM,32631
VINDHYATEL,2089
NINSYS,879
LICNETFN50,0
YESBANK,63637
AKZOINDIA,14754
SMSPHARMA,2220
VIVIDHA,25
GULPOLY,1127
LICMFGOLD,0
AKSHOPTFBR,149
IGPL,1475
METROBRAND,33953
GOLDBEES,0
TIMKEN,24860
QUAL30IETF,0
MARKSANS,11834
VALIANTLAB,508
RTNPOWER,7547
CELLO,13338
KIMS,27278
GMMPFAUDLR,5260
NEXT50,0
TATSILV,0
INDHOTEL,108423
HDFCNIFIT,0
IKS,28751
KRONOX,632
FORTIS,57519
MCL,152
FINEORG,14266
ACCURACY,127
RPGLIFE,3904
RAMRAT,3093
ITCHOTELS,44591
ABSLAMC,22045
WESTLIFE,10803
HDFCQUAL,0
ASHOKLEY,69403
KIRIINDUS,3337
BIRLACABLE,610
HEALTHADD,0
TOKYOPLAST,133
CREDITACC,18837
ADANIENT,292039
THANGAMAYL,6041
ABMINTLLTD,45
LPDC,125
TINNARUBR,1603
CYBERMEDIA,31
USHAMART,9502
DIGISPICE,516
PRICOLLTD,5380
IGIL,16377
CHEMCON,715
CHEVIOT,639
NIFTYQLITY,0
POWERGRID,267206
VSSL,2069
BSHSL,1482
ALPA,209
IRB,29974
TRIGYN,264
BSLNIFTY,0
HINDZINC,203675
HINDPETRO,83985
GEECEE,817
SIL,131
FINOPB,2523
NECLIFE,515
GFLLIMITED,708
RUCHIRA,413
MIDQ50ADD,0
UNIVPHOTO,277
ATLANTAA,293
QGOLDHALF,0
SKFINDIA,22950
RITCO,798
MUTHOOTFIN,105633
SGIL,852
CONCOR,46519
WEIZMANIND,193
DREDGECORP,2029
JUNIORBEES,0
AUBANK,59291
SHAREINDIA,4053
RKDL,73
MODTHREAD,169
INNOVACAP,5117
TECH,0
MUFTI,1104
GMDCLTD,13206
DHANBANK,1166
OMINFRAL,1211
LODHA,146358
TIPSFILMS,255
ASHOKAMET,43
MOM50,0
TATAGOLD,0
FCL,3134
DCXINDIA,3314
SAPPHIRE,10586
ISFT,178
DMCC,659
ALEMBICLTD,2943
LIQUIDPLUS,0
ELECON,14999
VBL,159420
KOPRAN,937
KIRLOSENG,12592
JPPOWER,12061
SRD,418
TEXMOPIPES,192
LIQUIDBETF,0
TATACHEM,23789
HDFCSILVER,0
IKIO,1667
SBINEQWETF,0
MOMGF,0
IOC,198585
CENTRALBK,34413
COHANCE,38261
TATACONSUM,106991
ICIL,5301
HUBTOWN,3096
SEAMECLTD,2167
AUTOIND,366
IDEA,72700
POLYCAB,91380
AIRAN,382
UNIDT,463
ARIHANTSUP,1598
AAKASH,109
CAPLIPOINT,15960
V2RETAIL,6561
BANSALWIRE,6031
SILVERETF,0
ARIHANTCAP,806
EBBETF0433,0
GOKEX,6818
DYNAMATECH,4993
INDOUS,309
AXISILVER,0
GRANULES,12440
IVZINGOLD,0
TEJASNET,12328
KPEL,3514
SILVERTUC,985
BOROLTD,4185
MASTEK,7629
ZUARIIND,837
GEPIL,2163
AMBUJACEM,135164
BHARATGEAR,139
BANKETF,0
ALPL30IETF,0
OAL,1296
CCCL,827
SUNDRMFAST,20807
DNAMEDIA,60
GROWWEV,0
SURYAROSNI,7525
SANGHVIMOV,2530
INTLCONV,566
TVSMOTOR,134507
DWARKESH,906
KSHITIJPOL,20
RAMASTEEL,1997
MAZDA,488
ARVIND,8927
NITIRAJ,216
KRBL,8232
SSWL,4131
GTL,170
HAVISHA,74
INDTERRAIN,195
WHIRLPOOL,17140
KANORICHEM,423
DPABHUSHAN,3252
XPROINDIA,2766
MUFIN,1231
TMB,7101
FIVESTAR,22540
JUBLFOOD,45813
CHENNPETRO,9398
PRSMJOHNSN,7658
NAVKARCORP,1696
PANAMAPET,2215
CANFINHOME,10612
NEWGEN,17261
EBANKNIFTY,0
MTARTECH,5220
REMSONSIND,491
SUPERHOUSE,193
ABFRL,9146
RVNL,84860
PIXTRANS,2148
CLSEL,1669
UTISENSETF,0
MOIL,7761
TRF,420
INDGN,14448
TATAINVEST,33894
GULFPETRO,232
BLKASHYAP,1566
SREEL,568
CEWATER,1162
NDGL,432
EXPLEOSOL,1996
MIDCAPIETF,0
SANSERA,8436
MIDCAP,0
GPPL,7729
POKARNA,3412
GLENMARK,47611
SUNDRMBRAK,326
GSEC10YEAR,0
UNIECOM,1353
M&M,366486
JWL,16676
SAREGAMA,10245
OILCOUNTUB,441
RAYMONDLSL,6575
PSB,21975
SPECIALITY,615
HBLENGINE,16580
CESC,22430
WEALTH,1383
OIL,76925
RPPL,197
BBNPNBETF,0
TARMAT,141
CEATLTD,14812
DODLA,8437
EMBDL,16185
GATECHDVR,78
SCI,11294
UTIBANKETF,0
JINDALSAW,15425
RELIGARE,7689
MADHAV,42
SHARIABEES,0
VOLTAMP,8980
SURANASOL,175
ESG,0
LINDEINDIA,60531
AVROIND,219
JKTYRE,10078
EUREKAFORB,11392
CUBEXTUB,159
EUROTEXIND,13
ASPINWALL,222
VOLTAS,42934
TVTODAY,1002
PAKKA,832
APOLLOTYRE,28382
ACLGATI,1007
GKWLIMITED,1196
MAHKTECH,0
HBSL,71
CHAMBLFERT,22171
PRAKASH,2929
HATHWAY,2673
SASTASUNDR,1027
HAVELLS,97587
CORDSCABLE,256
AADHARHFC,19000
CLEDUCATE,502
RAMAPHO,444
GVT&D,60276
IDBI,101359
AGRITECH,94
UCOBANK,38935
SINTERCOM,360
STEELCAS,2186
UTINEXT50,0
LIQUIDIETF,0
HGS,2582
ANGELONE,26545
TATAPOWER,126816
METALIETF,0
NELCO,2574
BSOFT,11670
BLUEDART,14946
SHYAMTEL,20
SHALBY,1975
DECCANCE,1031
VETO,242
GANDHITUBE,878
GLOBAL,339
FAIRCHEMOR,1253
3IINFOLTD,434
POWERINDIA,82218
SAHYADRI,346
HAPPYFORGE,9218
SBCL,2796
INDIAGLYCO,5876
ALKEM,57974
PRIMO,647
SUMIT,301
HDFCMID150,0
BHARTIARTL,1120630
ORIENTCER,439
INDIANHUME,2176
MBLINFRA,707
XTGLOBAL,461
INTELLECT,16958
AWL,34123
AMRUTANJAN,2065
ECLERX,16843
JAICORPLTD,2001
SHRIRAMPPS,1740
MAPMYINDIA,9520
URJA,851
THOMASCOTT,444
TATVA,2198
RAJRATAN,2112
AFSL,1225
ABAN,348
SUZLON,89014
ACE,14297
GAIL,124140
PRINCEPIPE,4206
SKIPPER,5809
LT,497009
LORDSCHLO,405
DOLATALGO,1797
PSPPROJECT,3050
SEQUENT,4933
ABDL,12124
JUBLINGREA,12258
BHEL,88531
COFORGE,60648
DPSCLTD,1346
BORANA,618
BORORENEW,7279
MANGLMCEM,2107
QUADFUTURE,1892
MOTOUR,0
SANSTAR,1645
BLUESTARCO,33762
GODREJCP,121165
SRHHYPOLTD,1119
MAMATA,1045
SALONA,132
CONSUMBEES,0
INDNIPPON,1641
SMSLIFE,358
SAMMAANCAP,10334
KMSUGAR,266
TITAN,305468
CGCL,16260
TI,7419
KSB,14532
ECAPINSURE,0
RAJESHEXPO,5753
UNIENTER,1067
IIFL,20794
KOTAKBANK,421884
JKIL,5520
HEXATRADEX,1002
EICHERMOT,149024
RADICO,35366
SJVN,38720
BAJAJCON,2403
STLTECH,5303
DSSL,1454
GROWWN200,0
SHAKTIPUMP,11948
UMESLTD,15
ITC,521648
TEXINFRA,1314
GMRAIRPORT,88550
KARURVYSYA,20044
SENSEXIETF,0
MAHLIFE,6128
HEROMOTOCO,87693
REPCOHOME,2666
MMFL,1777
INFRAIETF,0
MOKSH,123
MANAKSIA,501
AFCONS,16240
RVHL,321
EDELWEISS,9936
SRGHFL,494
MHLXMIRU,232
ANUP,5468
RSWM,816
ITIETF,0
GENUSPAPER,502
SBIETFCON,0
CIEINDIA,16976
DIAMINESQ,366
IVZINNIFTY,0
TRANSWORLD,635
BIGBLOC,994
ROSSARI,3795
TOUCHWOOD,134
HDFCNIFBAN,0
ALICON,1418
HLVLTD,906
SILLYMONKS,18
NAGREEKCAP,34
SHK,3368
SARDAEN,15868
HDFCGROWTH,0
SALSTEEL,153
HEADSUP,23
NDL,562
ROSSELLIND,272
NIF100BEES,0
UDAICEMENT,1716
MICEL,1498
MURUDCERA,269
RALLIS,6283
ANDHRAPAP,1561
SOMICONVEY,186
LLOYDSME,79163
EIEL,3827
AXISCETF,0
DATAPATTNS,16830
63MOONS,4340
UTTAMSUGAR,1141
DUCON,199
NAGREEKEXP,91
GREENPLY,3988
KAYNES,36643
NDRAUTO,2215
ONGC,322008
MCX,40603
SILVER360,0
KELLTONTEC,1254
SETFNIFBK,0
HONDAPOWER,2881
BBETF0432,0
LICNETFGSC,0
PTC,5197
LIQUID1,0
LOYALTEX,145
PNCINFRA,7789
KANANIIND,43
DJML,365
SHREDIGCEM,1143
CCHHL,278
SHIVATEX,276
MAHEPC,391
NV20BEES,0
TRITURBINE,19564
EIFFL,543
PSUBANK,0
DPWIRES,362
NAZARA,12341
BPCL,136854
TRIDENT,15317
SHANKARA,2580
LTGILTBEES,0
LIQUIDADD,0
JSWSTEEL,242711
LIQUIDSHRI,0
SWANENERGY,13561
J&KBANK,11577
JAIPURKURT,61
WHEELS,1855
SALZERELEC,1626
HEXT,50977
SIEMENS,117641
SWARAJENG,4998
DCBBANK,4545
RUBFILA,426
VPRPL,2072
CAPACITE,2815
CAMPUS,8609
FAZE3Q,1352
ROTO,1832
EASEMYTRIP,3930
NIFTY100EW,0
BANKA,83
RACLGEAR,1167
RKFORGE,11537
DENORA,473
LMW,17518
BANARISUG,4913
ACC,35000
MID150CASE,0
AUTOAXLES,2743
SBIETFPB,0
SGL,48
EQUAL50,0
SOTL,2859
PFOCUS,3827
INFY,673501
AGROPHOS,76
SURAKSHA,1700
NIFTYBETF,0
INOXINDIA,10786
MAFANG,0
DIGIDRIVE,118
BERGEPAINT,66352
POONAWALLA,32411
ARVEE,192
TNTELE,46
TCI,8645
PRECWIRE,3207
HONASA,10173
RANASUG,250
KMEW,1702
PHARMABEES,0
SILVER,0
SERVOTECH,3257
EIDPARRY,17111
PONNIERODE,292
MUKANDLTD,1683
AEROFLEX,2295
NUVOCO,12381
GOLDSHARE,0
TVSHLTD,21887
THYROCARE,5380
TATASTEEL,190830
APARINDS,31432
EXIDEIND,32465
HINDALCO,145911
LICNFNHGP,0
TOP100CASE,0
JTEKTINDIA,3641
LAXMICOT,52
WAAREERTL,10204
EMAMILTD,25193
LGHL,1469
NPBET,0
AURUM,1480
SBIETFQLTY,0
SUNTECK,6537
HAL,335875
AMBIKCO,887
MAXIND,980
CSBBANK,6629
MVGJL,1238
VIKASECO,447
MAHABANK,41695
REPL,317
FLUOROCHEM,39909
LALPATHLAB,24457
ESILVER,0
EBBETF0431,0
SHRENIK,37
SIMPLEXINF,2200
MITTAL,68
CHALET,19552
DIAMONDYD,2617
KALYANIFRG,264
RPEL,3358
INNOVANA,867
PRITIKAUTO,299
GSLSU,527
DAMODARIND,87
POLYPLEX,3956
RADAAN,24
VAIBHAVGBL,4057
QUICKHEAL,1976
SUKHJITS,608
RRKABEL,15282
MAXESTATES,8085
SENSEXADD,0
PARADEEP,13702
GLOBUSSPR,2849
TNIDETF,0
PRECOT,667
BVCL,82
EVINDIA,0
BANKBARODA,124218
INOXWIND,22425
DGCONTENT,269
KTKBANK,7721
JKCEMENT,46179
INDSWFTLAB,646
EVEREADY,2338
PARAS,6603
PLAZACABLE,261
HAPPSTMNDS,9753
PFC,132951
HDFCAMC,105586
SURYALAXMI,139
LAMBODHARA,144
JYOTISTRUC,2310
KAJARIACER,16425
AKG,41
JINDALSTEL,93815
CENTENKA,1088
TEAMLEASE,3429
GOPAL,4622
AAVAS,14847
ERIS,25149
HDFCLOWVOL,0
SEPC,2243
ARVINDFASN,6517
RANEHOLDIN,2235
OILIETF,0
MASFIN,4815
SPLPETRO,15020
PURVA,6891
WENDT,1675
MEDPLUS,10729
BAGFILMS,151
LAOPALA,2980
ITDCEM,13795
MEDICO,409
GOACARBON,447
VARDHACRLC,357
GRPLTD,1498
SYRMA,9503
JKLAKSHMI,9624
JINDRILL,1950
OSIAHYPER,275
MUKTAARTS,189
NFL,4927
UNIVASTU,276
CIPLA,122976
BHAGYANGR,243
AEGISVOPAK,27168
BALKRISHNA,67
NELCAST,1242
KRIDHANINF,46
RSYSTEMS,5151
IFGLEXPOR,1837
BTML,160
NOVAAGRI,454
ROML,85
OSWALAGRO,1305
NEXT30ADD,0
MRF,58239
AKSHARCHEM,201
LAXMIDENTL,2311
CUMMINSIND,90506
ENGINERSIN,12695
ARCHIDPLY,211
SHRIRAMFIN,126473
LINC,825
HCG,7577
AMJLAND,267
EIHAHOTELS,2298
LUMAXTECH,7483
FINIETF,0
SARVESHWAR,707
HFCL,12286
RISHABH,1129
GRASIM,183957
FILATEX,2393
AFFORDABLE,507
INDOTECH,2245
INDIAMART,14936
MAXHEALTH,117818
PUNJABCHEM,1344
SAGCEM,2903
SSDL,397
STCINDIA,932
ECOSMOBLTY,1760
AXITA,313
INFRABEES,0
NCLIND,967
VIJAYA,9922
SFL,8015
QNIFTY,0
SHREERAMA,612
MHRIL,6835
NETF,0
CARTRADE,8108
IMAGICAA,3930
KOKUYOCMLN,1298
UCAL,351
IRCON,19316
ORISSAMINE,2947
PILANIINVS,5947
DHANI,4153
5PAISA,1271
MPHASIS,51089
KRITIKA,267
TRACXN,611
CAMS,20471
RITES,14004
SINDHUTRAD,4041
UTIAMC,16289
ACMESOLAR,15348
KEI,35232
ADOR,1745
SNOWMAN,1027
DAVANGERE,333
AARVI,162
HIMATSEIDE,1775
ELGIEQUIP,16829
LICI,592070
INDRAMEDCO,3707
AROGRANITE,60
GENUSPOWER,10316
PRAENG,163
WEBELSOLAR,5349
PNBHOUSING,27693
AXISTECETF,0
GROWWSLVR,0
KRISHANA,3202
SETFNN50,0
SBIETFIT,0
BAJFINANCE,581536
SJS,3966
ORIENTBELL,440
ITETFADD,0
TARC,5473
SAGILITY,19203
MANAPPURAM,23114
ASAHIINDIA,18431
GNFC,7839
BIOCON,41969
SENSEXETF,0
GREENPOWER,1664
SAIL,53041
DELHIVERY,27873
LAGNAM,187
AONENIFTY,0
MSUMI,27115
BBTCL,333
AXISBPSETF,0
HDFCGOLD,0
ZYDUSWELL,13023
IPCALAB,34675
ICEMAKE,1270
ARVSMART,3169
RTNINDIA,8238
JAYBARMARU,847
ATULAUTO,1290
KOTHARIPET,1078
HDFCBANK,1473333
PFIZER,26565
AIROLAM,165
GRWRHITECH,9848
MOBIKWIK,1958
ALLCARGO,3547
VIRINCHI,229
RGL,1343
INDIGO,207765
PFS,2642
IREDA,47227
INDIASHLTR,9645
JIOFIN,186813
ROLEXRINGS,4121
RHIM,10586
HMVL,662
JINDWORLD,5916
DONEAR,570
ABGSEC,0
GATEWAY,3221
CANBK,100468
EQUAL200,0
UNOMINDA,62271
STOVEKRAFT,1954
BANDHANBNK,29275
BALRAMCHIN,12237
TIRUMALCHM,3048
THELEELA,13589
MASTERTR,1795
SMCGLOBAL,1486
PRUDENT,11405
PODDARMENT,334
LANCORHOL,163
HDFCNEXT50,0
GOLD1,0
SALASAR,1412
KHANDSE,39
BANCOINDIA,8677
POCL,2090
AVANTIFEED,10281
SUBROS,6221
HINDCON,185
MRPL,24060
AGARWALEYE,12649
ZENITHSTL,142
AARTECH,216
HINDWAREAP,2455
SANGAMIND,2171
APCOTEXIND,1986
LICHSGFIN,33450
MINDACORP,12923
KAKATCEM,121
NIFMID150,0
ETHOSLTD,7446
ONESOURCE,25139
CONTROLPR,1291
SBISILVER,0
HPL,3519
RAYMOND,3970
MARICO,89717
NRBBEARING,2552
LYKALABS,409
ABSLNN50ET,0
MONQ50,0
ADSL,1036
LAURUSLABS,36797
MOREALTY,0
AARTIDRUGS,4198
KRITINUT,608
MOHITIND,44
NIFTY50ADD,0
AXISVALUE,0
NILKAMAL,2582
ORIENTHOT,2772
BIRLANU,1735
NBCC,32791
GLAND,28973
LANDMARK,2049
HUDCO,45987
HESTERBIO,1571
CASHIETF,0
RPTECH,1979
WCIL,1117
OMAXAUTO,190
CIFL,1658
RPSGVENT,3109
COMPUSOFT,172
NAVA,16097
KRN,4789
SANATHAN,3871
AIAENG,31808
MID150,0
TCPLPACK,3358
CEIGALL,4281
DBEIL,645
HLEGLAS,2970
CARBORUNIV,17733
MSTCLTD,3669
ADROITINFO,59
BANKETFADD,0
LOTUSEYE,152
ATAM,127
JSL,56822
DBREALTY,12562
MGL,14234
COLPAL,65381
BODALCHEM,901
ASALCBR,1929
GLOBALVECT,311
SBICARD,95167
BATAINDIA,15551
AARTIPHARM,8086
GREAVESCOT,4765
VINATIORGA,19905
ASAL,910
VHL,1272
ALBERTDAVD,494
NIVABUPA,15152
RAJOOENG,1935
SAMBHAAV,139
UNIVCABLES,2374
ZENITHEXPO,137
MANINFRA,6148
HDFCLIFE,165374
BIRLACORPN,10461
IWEL,12770
BHARATRAS,4276
CONS,0
UJJIVANSFB,9402
GALLANTT,10923
20MICRONS,829
LICNMID100,0
RADIOCITY,318
KAPSTON,488
AHLADA,90
BHANDARI,134
DIFFNKG,1125
AWHCL,1758
SAMHI,5006
TGBHOTELS,37
HINDOILEXP,2359
MENONBE,671
ALANKIT,415
SAMPANN,117
STERTOOLS,1293
ENDURANCE,34724
BANKBETF,0
NEXTMEDIA,48
FUSION,2722
MOMENTUM,0
HEALTHIETF,0
GSFC,8040
CPSEETF,0
SUNPHARMA,402302
DEEPINDS,2762
DALBHARAT,39369
NITINSPIN,2155
GSS,91
LLOYDSENT,9218
UNITEDTEA,216
EQUITASBNK,7692
RKSWAMY,964
REDTAPE,7098
SHREEPUSHK,1054
MUTHOOTMF,2164
MON100,0
APLLTD,18802
KSCL,6760
SILVRETF,0
GEOJITFSL,2284
BUTTERFLY,1297
ETERNAL,231040
AGI,5272
MINDTECK,799
CHOLAHLDNG,37279
BHAGCHEM,3865
MONARCH,2516
DHAMPURSUG,1001
MNC,0
VISHNU,3844
HERITGFOOD,4205
NMDC,61711
3PLAND,0
ITETF,0
CHEMPLASTS,6847
SWSOLAR,7534
MAKEINDIA,0
TEXRAIL,6795
INDSWFTLTD,91
GSEC10IETF,0
RAMKY,3549
VSTL,293
TATAMOTORS,251982
ESAFSFB,1621
VENUSPIPES,2834
RAJSREESUG,163
NATCOPHARM,16236
SPANDANA,1972
BFUTILITIE,2970
CLEAN,15723
GRMOVER,2259
MTNL,3198
NIFTYETF,0
CONFIPET,1951
BHARATWIRE,1547
PATANJALI,60906
ASKAUTOLTD,9313
BOMDYEING,3201
RESPONIND,5635
MULTICAP,0
PRESTIGE,73149
GUJAPOLLO,454
RACE,441
SADBHIN,192
LTIM,162609
HONAUT,33592
ALPHA,0
GTPL,1324
HDFCMOMENT,0
IFBIND,6485
CENTEXT,167
ARTEMISMED,0
POLYMED,22087
ANTGRAPHIC,22
VLSFINANCE,844
MAHAPEXLTD,159
TORNTPHARM,109873
ATUL,20870
PPL,979
ATL,732
HDFCSENSEX,0
COMSYN,527
UMANGDAIRY,209
SONACOMS,30891
PTL,557
TCIFINANCE,24
AVALON,5614
STEL,760
ALPHAETF,0
FOSECOIND,2974
AONETOTAL,0
JSWINFRA,64220
NIITLTD,1795
BHARATFORG,63284
ORCHPHARMA,3544
NTPC,323384
MAITHANALL,3435
PRIVISCL,9736
MAZDOCK,131615
MARATHON,3046
JMFINANCIL,13946
APOLLOHOSP,101442
TECHNOE,17492
ACEINTEG,29
IRIS,513
TIINDIA,57512
INFOBEAN,942
JAMNAAUTO,3659
CREATIVE,974
DAMCAPITAL,1934
GABRIEL,8948
SMLISUZU,2741
DLF,211218
MANAKSTEEL,408
TASTYBITE,2744
PCBL,15116
NAVNETEDUL,3121
PNBGILTS,1769
BANKIETF,0
KIRLOSBROS,14413
AMNPLST,1342
WEL,2406
HDFCVALUE,0
ORIENTTECH,1435
BHAGERIA,822
GOODLUCK,3656
HEG,9662
DATAMATICS,3649
REPRO,769
METROPOLIS,8865
MEGASTAR,278
HDFCNIF100,0
KANSAINER,19715
AKUMS,8764
LICNETFSEN,0
BLS,15204
RAILTEL,14051
SHANTIGEAR,4115
PAISALO,2823
REDINGTON,23553
UNICHEMLAB,4197
ACCELYA,2115
ICICIPRULI,91058
CRISIL,40562
KOTARISUG,313
BCONCEPTS,388
ESCORTS,35805
BSLGOLDETF,0
HINDCOPPER,25527
CONCORDBIO,21289
TARSONS,2019
GODHA,34
ESABINDIA,7942
SUNDARMHLD,10563
ANIKINDS,311
MODEFENCE,0
IRCTC,61175
LUMAXIND,3068
LOWVOL,0
INDIGOPNTS,5113
SDBL,3327
WELCORP,24093
ESTER,1289
MANCREDIT,409
OPTIEMUS,5949
ABSLPSE,0
ZEEL,13035
CONSUMIETF,0
AVANTEL,4142
CALSOFT,37
DBCORP,4772
UBL,53685
USK,219
EMMBI,223
JINDALPOLY,2694
BEDMUTHA,499
OLECTRA,9660
TVSSRICHAK,2442
GRAPHITE,10528
STANLEY,1972
AEGISLOG,27204
INTENTECH,218
ANDHRSUGAR,1035
NESCO,7228
IRFC,181659
PYRAMID,666
MOMENTUM50,0
BLACKBUCK,7739
LUXIND,4364
WELSPUNLIV,12577
EXCEL,133
JCHAC,4858
SHAILY,8212
SURAJEST,1777
TOLINS,646
IT,0
TIMETECHNO,10068
UFO,281
SUNTV,24345
CENTURYPLY,16885
PAVNAIND,610
VISHWARAJ,216
ELDEHSG,785
LIQUIDBEES,0
SIGNPOST,1016
BRIGADE,29129
BEML,18540
ADVENZYMES,3785
LOWVOL1,0
MADRASFERT,1490
PGHL,9813
AGARIND,1464
IEX,16641
ICICIGI,97131
TREJHARA,339
CROWN,226
TVSSCS,6417
AUTOIETF,0
NUVAMA,26335
MANORAMA,8382
ASTERDM,30300
GRINDWELL,18955
ATGL,73318
TRIVENI,9040
ADFFOODS,3171
ROHLTD,1067
RELCHEMQ,138
SAKHTISUG,313
SCODATUBES,1220
SCPL,336
MUKKA,918
MANALIPETC,1210
SPORTKING,1407
PNGJL,7995
ARENTERP,15
GREENLAM,6099
NGIL,47
AXSENSEX,0
TAINWALCHM,207
SETFNIF50,0
UPL,51868
PLATIND,1505
PVTBANKADD,0
DOMS,14774
COCHINSHIP,57189
GICRE,66867
ACUTAAS,8969
ACI,7782
SUNFLAG,5073
DYNPRO,352
PEARLPOLY,52
HSCL,23044
ITBEES,0
AONELIQUID,0
MOHEALTH,0
FINCABLES,14684
GESHIP,14237
EMSLIMITED,3324
LGBBROSLTD,4023
ELECTHERM,1528
SILVERIETF,0
COALINDIA,241257
SUMICHEM,24882
KALAMANDIR,2089
MID150BEES,0
INDUSINDBK,66317
NEULANDLAB,16276
MOCAPITAL,0
FACT,66977
IGARASHI,1524
VERANDA,1492
NTPCGREEN,90669
JUBLCPL,2519
IDEAFORGE,2533
LOWVOLIETF,0
GUJTHEM,3742
IRISDOREME,510
FCSSOFT,453
MIDHANI,8300
UMIYA-MRO,128
CPCAP,310
AUROPHARMA,66255
JAYAGROGN,755
FORCEMOT,18743
AVL,4758
STARTECK,283
JAYSREETEA,312
YASHO,2387
UTISXN50,0
EPL,7677
CARYSIL,2636
ABCAPITAL,66294
BASF,21783
DEEPAKNTR,25990
ISHANCH,98
VARDMNPOLY,545
ROUTE,6616
JISLJALEQS,4645
NATHBIOGEN,396
SOMATEX,154
CGPOWER,104864
EIHOTEL,22441
ARE&M,18199
KAMATHOTEL,673
MIDSMALL,0
SAGARDEEP,57
BAYERCROP,25156
SOUTHBANK,7786
VISAKAIND,715
MAHSEAMLES,9195
MOM100,0
INVENTURE,176
AMBER,22432
ASHOKA,5748
MCLEODRUSS,354
CYIENTDLM,3676
CONSOFINVT,645
EMAMIPAP,584
TOTAL,139
NEOGEN,4349
UFLEX,4400
IONEXCHANG,6623
LEXUS,71
SHIVAMILLS,67
JOCIL,143
WAAREEENER,80387
LOVABLE,147
BANARBEADS,82
IVC,294
RKEC,193
ALMONDZ,360
GOLDETF,0
DIVGIITTS,1888
NIITMTS,4913
QPOWER,4152
HARIOMPIPE,1243
THEINVEST,810
APEX,756
SCHAEFFLER,62615
ASTEC,1564
IMFA,4042
LIQUIDSBI,0
ARKADE,3703
MOM30IETF,0
PGEL,21845
PVSL,862
NAHARCAP,575
AVADHSUGAR,1034
IOB,72386
AHLEAST,253
GPIL,11885
MEDIASSIST,3490
GOCLCORP,1901
WINDLAS,1947
POLICYBZR,86176
ORIENTLTD,95
SHARDAMOTR,5402
SANDUMA,7625
EGOLD,0
SHRIPISTON,10790
NIF100IETF,0
MOQUALITY,0
GEEKAYWIRE,376
STYLAMIND,2881
MOINFRA,0
MUNJALSHOW,543
ORBTEXP,478
GUJGASLTD,33129
SOUTHWEST,463
RENUKA,6970
ZYDUSLIFE,97255
JBMA,16883
MIDCAPETF,0
UTKARSHBNK,2618
ANANDRATHI,17366
KIOCL,18141
GROWWLOVOL,0
FIEMIND,5176
MIRZAINT,426
NIRAJISPAT,19
NAHARSPING,992
BLISSGVS,1551
SOLARA,2333
JYOTICNC,26193
DBL,8452
GHCLTEXTIL,880
MOMOMENTUM,0
KOHINOOR,133
BARBEQUE,1260
CINELINE,318
DCM,199
SHRADHA,375
TRANSRAILL,8706
COROMANDEL,67280
NAVINFLUOR,23294
NAUKRI,96925
GILLANDERS,274
TAJGVK,2477
GUFICBIO,3693
BBNPPGOLD,0
IXIGO,7223
SANDESH,882
KEC,24183
DBSTOCKBRO,115
GODREJIND,44647
UMAEXPORTS,203
BALAJEE,388
NECCLTD,250
MGEL,464
HDFCLIQUID,0
DDEVPLSTIK,2868
CINEVISTA,137
KROSS,1203
KPITTECH,38124
TFCILTD,2056
ADANIGREEN,159727
DICIND,599
GOLDCASE,0
PGHH,43426
HDFCSML250,0
SHARDACROP,7482
CORALFINAC,184
PSUBANKADD,0
ENIL,697
GANGESSECU,179
BRITANNIA,134091
JTLIND,3106
NBIFIN,732
ONMOBILE,571
MANOMAY,305
AJMERA,3818
RATEGAIN,5111
ANANTRAJ,18922
WORTH,229
VIPIND,5925
GOLDIETF,0
HIRECT,2258
UDS,1981
DIXON,87334
HARSHA,3562
KRSNAA,2207
ABSLLIQUID,0
KPRMILL,37695
TBZ,1281
VRAJ,571
PARSVNATH,801
SKYGOLD,5298
GARFIBRES,8667
CMSINFO,7994
GODFRYPHLP,42853
UGARSUGAR,539
GROWWDEFNC,0
PASUPTAC,422
SELAN,1107
PITTIENG,3699
HDFCPVTBAN,0
APTUS,16153
EIMCOELECO,1421
IVP,191
JUBLPHARMA,18099
BECTORFOOD,8534
IPL,2359
SOBHA,16835
MOGSEC,0
GOLDTECH,347
SPECTRUM,2549
NV20,0
SPIC,1669
QUESS,4675
LLOYDSENGG,8262
GANECOS,3819
JASH,3451
GILT5YBEES,0
CUPID,2516
SPMLINFRA,1625
ICICIB22,0
NLCINDIA,31841
BANKPSU,0
AZAD,10698
BANKINDIA,55278
CYIENT,14741
DYCL,2187
BALAMINES,4700
SPENCERS,563
KSOLVES,826
VTL,13656
ASHIANA,3636
HOMEFIRST,13192
GODREJPROP,74206
UNIPARTS,1723
PREMEXPLN,3261
360ONE,46850
SBILIFE,180353
INDIANB,84353
CARRARO,2529
TTKHLTCARE,1802
MSPL,1596
SURANAT&P,263
JAIBALAJI,9597
PIIND,62834
ALOKINDS,9899
GUJALKALI,4293
TIMESGTY,155
ZENSARTECH,19862
RAINBOW,15044
PEL,25916
MOTILALOFS,49438
ONWARDTEC,710
HIKAL,4653
ADANIENSOL,103573
SULA,2585
MOTHERSON,107367
GVPTECH,165
PERSISTENT,93277
SYMPHONY,7617
AARON,424
HMAAGRO,1660
CENTUM,3555
FEDFINA,4373
MALUPAPER,67
VEEDOL,2833
GREENPANEL,3295
PTCIL,22642
APCL,408
MAWANASUG,404
ABBOTINDIA,67286
FDC,7909
CREST,1120
ESSENTIA,245
MUTHOOTCAP,489
CHEMFAB,1071
KAUSHALYA,32
ICICIBANK,1009921
OLAELEC,19404
TDPOWERSYS,8253
WOCKPHARMA,29526
AXISBNKETF,0
AETHER,10304
KPIGREEN,9727
JAGSNPHARM,1545
THEMISMED,1273
MPSLTD,4534
PDMJEPAPER,1061
GROWWRAIL,0
TANLA,8920
TATAELXSI,39691
NSIL,3555
SETF10GILT,0
HEMIPROP,3984
DELTACORP,2408
GTLINFRA,2422
GODREJAGRO,14872
ADANIPORTS,298726
INDOBORAX,629
TREL,823
AMBICAAGAR,49
IIFLCAPS,10477
PATELENG,3419
NIBE,2583
MANAKALUCO,174
GANESHBE,760
MEDANTA,32537
HDFCPSUBK,0
LFIC,66
RIIL,1470
VEDL,180181
MEDICAMEQ,560
HYUNDAI,156617
YATHARTH,5163
VIMTALABS,2147
CERA,9143
ASIANPAINT,217222
ABREL,27499
AFIL,338
KICL,2305
COSMOFIRST,3245
ALPHAGEO,175
DCW,2356
DMART,274774
COASTCORP,263
MANGALAM,128
KFINTECH,21403
ENTERO,4997
AWFIS,4859
NITCO,3076
DOLLAR,2232
MKPL,327
INSECTICID,2652
BLAL,896
JISLDVREQS,4560
MARUTI,400927
SONAMLTD,187
BAJAJHFL,101580
BLUEJET,16067
SANDHAR,3203
CSLFINANCE,764
MOREPENLAB,3519
ZODIACLOTH,283
RATNAVEER,818
TTKPRESTIG,8555
SHAHALLOYS,114
CASTROLIND,20846
EXICOM,2302
GROWWMOM50,0
SHIVALIK,843
DHUNINV,892
SHREECEM,106768
GRSE,37332
STAR,8123
MCLOUD,4596
CRAFTSMAN,12564
RUSTOMJEE,6966
HPAL,460
PATINTLOG,109
VASCONEQ,1178
RELIABLE,81
ABSLBANETF,0
KKCL,3050
SCILAL,2606
NHPC,85296
LIBAS,37
SAFARI,10466
SUDARSCHEM,10150
IDFNIFTYET,0
INDOCO,2578
SATIN,1710
SMALLCAP,0
NUCLEUS,3146
JYOTHYLAB,12304
OMAXE,2032
SILVER1,0
MANKIND,97510
ANUHPHR,1060
BAJAJHCARE,1677
HEIDELBERG,4464
INGERRAND,12319
INDOAMIN,1096
IEL,484
RBLBANK,13710
DEVIT,246
IDFCFIRSTB,52688
PLASTIBLEN,551
EPACK,3328
DTIL,204
GENESYS,2828
TCIEXP,2921
VSTIND,4840
AJOONI,56
ITDC,5125
AIIL,43154
INDOWIND,263
INDBANK,155
TECHM,152116
IOLCP,2557
EBBETF0430,0
JUSTDIAL,7515
WILLAMAGOR,40
ZFCVINDIA,25500
RUBYMILLS,807
DOLPHIN,1504
SBFC,11765
BAJAJHLDNG,154510
MON50EQUAL,0
HISARMETAL,105
PVRINOX,9498
KUANTUM,1000
SWIGGY,83928
BBTC,13619
JMA,215
COMMOIETF,0
VAL30IETF,0
SATINDLTD,1029
SBC,713
PROZONER,565
DVL,1158
SILVERADD,0
JETFREIGHT,68
ANMOL,104
GARUDA,1184
BANG,74
21STCENMGM,69
RADIANTCMS,686
PVP,624
BANSWRAS,492
PRITI,124
GULFOILLUB,6024
MUNJALAU,764
JAYNECOIND,3877
TEGA,10062
RELAXO,10486
ANURAS,12202
NV20IETF,0
UNITEDPOLY,456
KOTHARIPRO,513
BEL,295352
GSEC5IETF,0
CONSUMER,0
BALKRISIND,47488
UTINIFTETF,0
TBOTEK,13536
NIFTYBEES,0
JSFB,5253
SUPERSPIN,55
PSUBNKBEES,0
PROSTARM,674
BIRLAMONEY,1024
INFIBEAM,6256
ASIANTILES,1020
DENTA,778
SIS,5357
HDFCBSE500,0
HITECH,2044
SUPREME,361
DCMSRIND,1447
IRMENERGY,1232
XELPMOC,144
BAJAJ-AUTO,239523
VENTIVE,16572
NIFITETF,0
KIRLPNU,8774
SMLT,169
DRREDDY,112023
VIDHIING,2128
HINDUNILVR,540030
IFCI,16815
JLHL,9859
SOLARINDS,154430
KECL,928
MANBA,737
DREAMFOLKS,1424
MOSMALL250,0
TATACOMM,48590
VSTTILLERS,3272
HATSUN,21337
WIPL,129
NOCIL,3265
PVTBANIETF,0
NILASPACES,485
NSLNISP,11276
GOKULAGRO,4633
SESHAPAPER,1782
GIPCL,3123
CAPITALSFB,1353
NIF5GETF,0
SUNDROP,3263
WONDERLA,4152
ZIMLAB,521
MAHESHWARI,172
WEWIN,51
NAM-INDIA,47565
APOLLOPIPE,2108
PAYTM,57576
SNXT30BEES,0
SUMMITSEC,2322
AMDIND,99
GRAVITA,12649
AGIIL,2128
ULTRACEMCO,338897
SUNDARAM,100
NARMADA,64
FMGOETZE,2979
WSTCSTPAPR,3385
PREMIERPOL,543
SRM,1011
ALIVUS,12577
GOYALALUM,117
SIKKO,137
APOLSINHOT,335
ARIES,409
DIVOPPBEES,0
SASKEN,2169
SANGINITA,20
RBA,4527
MANGCHEFER,3356
MANAKCOAT,1354
MOLDTECH,460
STARPAPER,270
BHARTIHEXA,89623
